agent,episode,action_id,count,pattern,region,concurrency,access_pattern,block_size,duration_s,memory_mb,copy_threads,cpu_threads,warm_copy,max_errors,stress_score
ppo,0,836,1,random,7,low,rowhammer_like,page_4KB,30,256,4,0,True,1,1.6456000000000004
ppo,0,270,1,walking_1_0,7,medium,random,page_4KB,120,4096,8,4,True,10,4.8299328
ppo,0,1042,1,march,4,high,rowhammer_like,page_4KB,120,4096,16,8,True,1,13.325004
ppo,0,104,1,walking_1_0,2,high,rowhammer_like,page_4KB,30,4096,16,8,True,1,8.497104
ppo,0,1230,1,butterfly,2,low,random,page_4KB,120,1024,4,0,True,10,2.574
ppo,0,1581,1,solid,3,high,rowhammer_like,page_4KB,60,4096,16,8,True,1,9.733046400000001
ppo,1,836,1,random,7,low,rowhammer_like,page_4KB,30,256,4,0,True,1,1.6456000000000004
ppo,1,270,1,walking_1_0,7,medium,random,page_4KB,120,4096,8,4,True,10,4.8299328
ppo,1,1042,1,march,4,high,rowhammer_like,page_4KB,120,4096,16,8,True,1,13.325004
ppo,1,104,1,walking_1_0,2,high,rowhammer_like,page_4KB,30,4096,16,8,True,1,8.497104
ppo,1,636,1,random,1,high,sequential,page_4KB,30,4096,16,8,True,-1,4.16955
ppo,1,1615,1,solid,4,high,random,page_4KB,300,0,16,8,True,10,12.903659999999999
ppo,1,203,1,walking_1_0,5,medium,rowhammer_like,page_4KB,300,4096,8,4,True,1,9.445201920000002
ppo,1,1331,1,butterfly,4,high,rowhammer_like,page_4KB,300,0,16,8,True,1,23.431408000000005
ppo,1,1403,8,butterfly,6,high,rowhammer_like,page_4KB,300,0,16,8,True,1,23.431408000000005
ppo,2,836,1,random,7,low,rowhammer_like,page_4KB,30,256,4,0,True,1,1.6456000000000004
ppo,2,270,1,walking_1_0,7,medium,random,page_4KB,120,4096,8,4,True,10,4.8299328
ppo,2,1042,2,march,4,high,rowhammer_like,page_4KB,120,4096,16,8,True,1,13.325004
ppo,2,104,2,walking_1_0,2,high,rowhammer_like,page_4KB,30,4096,16,8,True,1,8.497104
ppo,2,1230,1,butterfly,2,low,random,page_4KB,120,1024,4,0,True,10,2.574
ppo,2,1581,1,solid,3,high,rowhammer_like,page_4KB,60,4096,16,8,True,1,9.733046400000001
ppo,2,203,2,walking_1_0,5,medium,rowhammer_like,page_4KB,300,4096,8,4,True,1,9.445201920000002
ppo,2,636,1,random,1,high,sequential,page_4KB,30,4096,16,8,True,-1,4.16955
ppo,2,1615,1,solid,4,high,random,page_4KB,300,0,16,8,True,10,12.903659999999999
ppo,2,1331,1,butterfly,4,high,rowhammer_like,page_4KB,300,0,16,8,True,1,23.431408000000005
ppo,2,1403,34,butterfly,6,high,rowhammer_like,page_4KB,300,0,16,8,True,1,23.431408000000005
ppo,3,836,1,random,7,low,rowhammer_like,page_4KB,30,256,4,0,True,1,1.6456000000000004
ppo,3,270,1,walking_1_0,7,medium,random,page_4KB,120,4096,8,4,True,10,4.8299328
ppo,3,1042,2,march,4,high,rowhammer_like,page_4KB,120,4096,16,8,True,1,13.325004
ppo,3,104,2,walking_1_0,2,high,rowhammer_like,page_4KB,30,4096,16,8,True,1,8.497104
ppo,3,1230,1,butterfly,2,low,random,page_4KB,120,1024,4,0,True,10,2.574
ppo,3,1581,1,solid,3,high,rowhammer_like,page_4KB,60,4096,16,8,True,1,9.733046400000001
ppo,3,203,2,walking_1_0,5,medium,rowhammer_like,page_4KB,300,4096,8,4,True,1,9.445201920000002
ppo,3,636,1,random,1,high,sequential,page_4KB,30,4096,16,8,True,-1,4.16955
ppo,3,1615,1,solid,4,high,random,page_4KB,300,0,16,8,True,10,12.903659999999999
ppo,3,1331,1,butterfly,4,high,rowhammer_like,page_4KB,300,0,16,8,True,1,23.431408000000005
ppo,3,1403,5,butterfly,6,high,rowhammer_like,page_4KB,300,0,16,8,True,1,23.431408000000005
ppo,4,836,1,random,7,low,rowhammer_like,page_4KB,30,256,4,0,True,1,1.6456000000000004
ppo,4,270,1,walking_1_0,7,medium,random,page_4KB,120,4096,8,4,True,10,4.8299328
ppo,4,1042,2,march,4,high,rowhammer_like,page_4KB,120,4096,16,8,True,1,13.325004
ppo,4,104,2,walking_1_0,2,high,rowhammer_like,page_4KB,30,4096,16,8,True,1,8.497104
ppo,4,1230,1,butterfly,2,low,random,page_4KB,120,1024,4,0,True,10,2.574
ppo,4,1581,1,solid,3,high,rowhammer_like,page_4KB,60,4096,16,8,True,1,9.733046400000001
ppo,4,203,2,walking_1_0,5,medium,rowhammer_like,page_4KB,300,4096,8,4,True,1,9.445201920000002
ppo,4,636,1,random,1,high,sequential,page_4KB,30,4096,16,8,True,-1,4.16955
ppo,4,1615,1,solid,4,high,random,page_4KB,300,0,16,8,True,10,12.903659999999999
ppo,4,1331,1,butterfly,4,high,rowhammer_like,page_4KB,300,0,16,8,True,1,23.431408000000005
ppo,4,1403,12,butterfly,6,high,rowhammer_like,page_4KB,300,0,16,8,True,1,23.431408000000005
ppo,5,836,1,random,7,low,rowhammer_like,page_4KB,30,256,4,0,True,1,1.6456000000000004
ppo,5,270,1,walking_1_0,7,medium,random,page_4KB,120,4096,8,4,True,10,4.8299328
ppo,5,1042,1,march,4,high,rowhammer_like,page_4KB,120,4096,16,8,True,1,13.325004
ppo,5,104,1,walking_1_0,2,high,rowhammer_like,page_4KB,30,4096,16,8,True,1,8.497104
ppo,5,1230,1,butterfly,2,low,random,page_4KB,120,1024,4,0,True,10,2.574
ppo,5,1581,1,solid,3,high,rowhammer_like,page_4KB,60,4096,16,8,True,1,9.733046400000001
ppo,5,203,1,walking_1_0,5,medium,rowhammer_like,page_4KB,300,4096,8,4,True,1,9.445201920000002
ppo,5,1331,1,butterfly,4,high,rowhammer_like,page_4KB,300,0,16,8,True,1,23.431408000000005
ppo,5,1403,12,butterfly,6,high,rowhammer_like,page_4KB,300,0,16,8,True,1,23.431408000000005
ppo,6,836,1,random,7,low,rowhammer_like,page_4KB,30,256,4,0,True,1,1.6456000000000004
ppo,6,270,1,walking_1_0,7,medium,random,page_4KB,120,4096,8,4,True,10,4.8299328
ppo,6,1042,2,march,4,high,rowhammer_like,page_4KB,120,4096,16,8,True,1,13.325004
ppo,6,104,2,walking_1_0,2,high,rowhammer_like,page_4KB,30,4096,16,8,True,1,8.497104
ppo,6,1230,1,butterfly,2,low,random,page_4KB,120,1024,4,0,True,10,2.574
ppo,6,1581,1,solid,3,high,rowhammer_like,page_4KB,60,4096,16,8,True,1,9.733046400000001
ppo,6,203,2,walking_1_0,5,medium,rowhammer_like,page_4KB,300,4096,8,4,True,1,9.445201920000002
ppo,6,636,1,random,1,high,sequential,page_4KB,30,4096,16,8,True,-1,4.16955
ppo,6,1615,1,solid,4,high,random,page_4KB,300,0,16,8,True,10,12.903659999999999
ppo,6,1331,1,butterfly,4,high,rowhammer_like,page_4KB,300,0,16,8,True,1,23.431408000000005
ppo,6,1403,7,butterfly,6,high,rowhammer_like,page_4KB,300,0,16,8,True,1,23.431408000000005
ppo,7,836,1,random,7,low,rowhammer_like,page_4KB,30,256,4,0,True,1,1.6456000000000004
ppo,7,270,1,walking_1_0,7,medium,random,page_4KB,120,4096,8,4,True,10,4.8299328
ppo,7,1042,2,march,4,high,rowhammer_like,page_4KB,120,4096,16,8,True,1,13.325004
ppo,7,104,2,walking_1_0,2,high,rowhammer_like,page_4KB,30,4096,16,8,True,1,8.497104
ppo,7,1230,1,butterfly,2,low,random,page_4KB,120,1024,4,0,True,10,2.574
ppo,7,1581,1,solid,3,high,rowhammer_like,page_4KB,60,4096,16,8,True,1,9.733046400000001
ppo,7,203,2,walking_1_0,5,medium,rowhammer_like,page_4KB,300,4096,8,4,True,1,9.445201920000002
ppo,7,636,1,random,1,high,sequential,page_4KB,30,4096,16,8,True,-1,4.16955
ppo,7,1615,1,solid,4,high,random,page_4KB,300,0,16,8,True,10,12.903659999999999
ppo,7,1331,1,butterfly,4,high,rowhammer_like,page_4KB,300,0,16,8,True,1,23.431408000000005
ppo,7,1403,4,butterfly,6,high,rowhammer_like,page_4KB,300,0,16,8,True,1,23.431408000000005
ppo,8,836,1,random,7,low,rowhammer_like,page_4KB,30,256,4,0,True,1,1.6456000000000004
ppo,8,270,1,walking_1_0,7,medium,random,page_4KB,120,4096,8,4,True,10,4.8299328
ppo,8,1042,2,march,4,high,rowhammer_like,page_4KB,120,4096,16,8,True,1,13.325004
ppo,8,104,2,walking_1_0,2,high,rowhammer_like,page_4KB,30,4096,16,8,True,1,8.497104
ppo,8,1230,1,butterfly,2,low,random,page_4KB,120,1024,4,0,True,10,2.574
ppo,8,1581,1,solid,3,high,rowhammer_like,page_4KB,60,4096,16,8,True,1,9.733046400000001
ppo,8,203,2,walking_1_0,5,medium,rowhammer_like,page_4KB,300,4096,8,4,True,1,9.445201920000002
ppo,8,636,1,random,1,high,sequential,page_4KB,30,4096,16,8,True,-1,4.16955
ppo,8,1615,1,solid,4,high,random,page_4KB,300,0,16,8,True,10,12.903659999999999
ppo,8,1331,1,butterfly,4,high,rowhammer_like,page_4KB,300,0,16,8,True,1,23.431408000000005
ppo,8,1403,15,butterfly,6,high,rowhammer_like,page_4KB,300,0,16,8,True,1,23.431408000000005
ppo,9,836,1,random,7,low,rowhammer_like,page_4KB,30,256,4,0,True,1,1.6456000000000004
ppo,9,270,1,walking_1_0,7,medium,random,page_4KB,120,4096,8,4,True,10,4.8299328
ppo,9,1042,2,march,4,high,rowhammer_like,page_4KB,120,4096,16,8,True,1,13.325004
ppo,9,104,2,walking_1_0,2,high,rowhammer_like,page_4KB,30,4096,16,8,True,1,8.497104
ppo,9,1230,1,butterfly,2,low,random,page_4KB,120,1024,4,0,True,10,2.574
ppo,9,1581,1,solid,3,high,rowhammer_like,page_4KB,60,4096,16,8,True,1,9.733046400000001
ppo,9,203,2,walking_1_0,5,medium,rowhammer_like,page_4KB,300,4096,8,4,True,1,9.445201920000002
ppo,9,636,1,random,1,high,sequential,page_4KB,30,4096,16,8,True,-1,4.16955
ppo,9,1615,1,solid,4,high,random,page_4KB,300,0,16,8,True,10,12.903659999999999
ppo,9,1331,1,butterfly,4,high,rowhammer_like,page_4KB,300,0,16,8,True,1,23.431408000000005
ppo,9,1403,35,butterfly,6,high,rowhammer_like,page_4KB,300,0,16,8,True,1,23.431408000000005
ppo,10,836,1,random,7,low,rowhammer_like,page_4KB,30,256,4,0,True,1,1.6456000000000004
ppo,10,270,1,walking_1_0,7,medium,random,page_4KB,120,4096,8,4,True,10,4.8299328
ppo,10,1042,1,march,4,high,rowhammer_like,page_4KB,120,4096,16,8,True,1,13.325004
ppo,10,104,1,walking_1_0,2,high,rowhammer_like,page_4KB,30,4096,16,8,True,1,8.497104
ppo,10,1230,1,butterfly,2,low,random,page_4KB,120,1024,4,0,True,10,2.574
ppo,10,1581,1,solid,3,high,rowhammer_like,page_4KB,60,4096,16,8,True,1,9.733046400000001
ppo,10,203,1,walking_1_0,5,medium,rowhammer_like,page_4KB,300,4096,8,4,True,1,9.445201920000002
ppo,10,1331,1,butterfly,4,high,rowhammer_like,page_4KB,300,0,16,8,True,1,23.431408000000005
ppo,10,1403,1,butterfly,6,high,rowhammer_like,page_4KB,300,0,16,8,True,1,23.431408000000005
ppo,11,836,1,random,7,low,rowhammer_like,page_4KB,30,256,4,0,True,1,1.6456000000000004
ppo,11,270,1,walking_1_0,7,medium,random,page_4KB,120,4096,8,4,True,10,4.8299328
ppo,11,1042,1,march,4,high,rowhammer_like,page_4KB,120,4096,16,8,True,1,13.325004
ppo,11,104,1,walking_1_0,2,high,rowhammer_like,page_4KB,30,4096,16,8,True,1,8.497104
ppo,11,636,1,random,1,high,sequential,page_4KB,30,4096,16,8,True,-1,4.16955
ppo,11,1615,1,solid,4,high,random,page_4KB,300,0,16,8,True,10,12.903659999999999
ppo,11,203,1,walking_1_0,5,medium,rowhammer_like,page_4KB,300,4096,8,4,True,1,9.445201920000002
ppo,11,1331,1,butterfly,4,high,rowhammer_like,page_4KB,300,0,16,8,True,1,23.431408000000005
ppo,11,1403,10,butterfly,6,high,rowhammer_like,page_4KB,300,0,16,8,True,1,23.431408000000005
ppo,12,836,1,random,7,low,rowhammer_like,page_4KB,30,256,4,0,True,1,1.6456000000000004
ppo,12,270,1,walking_1_0,7,medium,random,page_4KB,120,4096,8,4,True,10,4.8299328
ppo,12,1042,2,march,4,high,rowhammer_like,page_4KB,120,4096,16,8,True,1,13.325004
ppo,12,104,2,walking_1_0,2,high,rowhammer_like,page_4KB,30,4096,16,8,True,1,8.497104
ppo,12,1230,1,butterfly,2,low,random,page_4KB,120,1024,4,0,True,10,2.574
ppo,12,1581,1,solid,3,high,rowhammer_like,page_4KB,60,4096,16,8,True,1,9.733046400000001
ppo,12,203,2,walking_1_0,5,medium,rowhammer_like,page_4KB,300,4096,8,4,True,1,9.445201920000002
ppo,12,636,1,random,1,high,sequential,page_4KB,30,4096,16,8,True,-1,4.16955
ppo,12,1615,1,solid,4,high,random,page_4KB,300,0,16,8,True,10,12.903659999999999
ppo,12,1331,1,butterfly,4,high,rowhammer_like,page_4KB,300,0,16,8,True,1,23.431408000000005
ppo,12,1403,10,butterfly,6,high,rowhammer_like,page_4KB,300,0,16,8,True,1,23.431408000000005
ppo,13,836,1,random,7,low,rowhammer_like,page_4KB,30,256,4,0,True,1,1.6456000000000004
ppo,13,270,1,walking_1_0,7,medium,random,page_4KB,120,4096,8,4,True,10,4.8299328
ppo,13,1042,2,march,4,high,rowhammer_like,page_4KB,120,4096,16,8,True,1,13.325004
ppo,13,104,2,walking_1_0,2,high,rowhammer_like,page_4KB,30,4096,16,8,True,1,8.497104
ppo,13,1230,1,butterfly,2,low,random,page_4KB,120,1024,4,0,True,10,2.574
ppo,13,1581,1,solid,3,high,rowhammer_like,page_4KB,60,4096,16,8,True,1,9.733046400000001
ppo,13,203,2,walking_1_0,5,medium,rowhammer_like,page_4KB,300,4096,8,4,True,1,9.445201920000002
ppo,13,636,1,random,1,high,sequential,page_4KB,30,4096,16,8,True,-1,4.16955
ppo,13,1615,1,solid,4,high,random,page_4KB,300,0,16,8,True,10,12.903659999999999
ppo,13,1331,1,butterfly,4,high,rowhammer_like,page_4KB,300,0,16,8,True,1,23.431408000000005
ppo,13,1403,29,butterfly,6,high,rowhammer_like,page_4KB,300,0,16,8,True,1,23.431408000000005
ppo,14,836,1,random,7,low,rowhammer_like,page_4KB,30,256,4,0,True,1,1.6456000000000004
ppo,14,270,1,walking_1_0,7,medium,random,page_4KB,120,4096,8,4,True,10,4.8299328
ppo,14,1042,2,march,4,high,rowhammer_like,page_4KB,120,4096,16,8,True,1,13.325004
ppo,14,104,2,walking_1_0,2,high,rowhammer_like,page_4KB,30,4096,16,8,True,1,8.497104
ppo,14,1230,1,butterfly,2,low,random,page_4KB,120,1024,4,0,True,10,2.574
ppo,14,1581,1,solid,3,high,rowhammer_like,page_4KB,60,4096,16,8,True,1,9.733046400000001
ppo,14,203,2,walking_1_0,5,medium,rowhammer_like,page_4KB,300,4096,8,4,True,1,9.445201920000002
ppo,14,636,1,random,1,high,sequential,page_4KB,30,4096,16,8,True,-1,4.16955
ppo,14,1615,1,solid,4,high,random,page_4KB,300,0,16,8,True,10,12.903659999999999
ppo,14,1331,1,butterfly,4,high,rowhammer_like,page_4KB,300,0,16,8,True,1,23.431408000000005
ppo,15,836,1,random,7,low,rowhammer_like,page_4KB,30,256,4,0,True,1,1.6456000000000004
ppo,15,270,1,walking_1_0,7,medium,random,page_4KB,120,4096,8,4,True,10,4.8299328
ppo,15,1042,1,march,4,high,rowhammer_like,page_4KB,120,4096,16,8,True,1,13.325004
ppo,15,104,1,walking_1_0,2,high,rowhammer_like,page_4KB,30,4096,16,8,True,1,8.497104
ppo,15,636,1,random,1,high,sequential,page_4KB,30,4096,16,8,True,-1,4.16955
ppo,15,1615,1,solid,4,high,random,page_4KB,300,0,16,8,True,10,12.903659999999999
ppo,15,203,1,walking_1_0,5,medium,rowhammer_like,page_4KB,300,4096,8,4,True,1,9.445201920000002
ppo,15,1331,1,butterfly,4,high,rowhammer_like,page_4KB,300,0,16,8,True,1,23.431408000000005
ppo,15,1403,6,butterfly,6,high,rowhammer_like,page_4KB,300,0,16,8,True,1,23.431408000000005
ppo,16,836,1,random,7,low,rowhammer_like,page_4KB,30,256,4,0,True,1,1.6456000000000004
ppo,16,270,1,walking_1_0,7,medium,random,page_4KB,120,4096,8,4,True,10,4.8299328
ppo,16,1042,1,march,4,high,rowhammer_like,page_4KB,120,4096,16,8,True,1,13.325004
ppo,16,104,1,walking_1_0,2,high,rowhammer_like,page_4KB,30,4096,16,8,True,1,8.497104
ppo,16,1230,1,butterfly,2,low,random,page_4KB,120,1024,4,0,True,10,2.574
ppo,16,1581,1,solid,3,high,rowhammer_like,page_4KB,60,4096,16,8,True,1,9.733046400000001
ppo,16,203,1,walking_1_0,5,medium,rowhammer_like,page_4KB,300,4096,8,4,True,1,9.445201920000002
ppo,16,1331,1,butterfly,4,high,rowhammer_like,page_4KB,300,0,16,8,True,1,23.431408000000005
ppo,16,1403,9,butterfly,6,high,rowhammer_like,page_4KB,300,0,16,8,True,1,23.431408000000005
ppo,17,836,1,random,7,low,rowhammer_like,page_4KB,30,256,4,0,True,1,1.6456000000000004
ppo,17,270,1,walking_1_0,7,medium,random,page_4KB,120,4096,8,4,True,10,4.8299328
ppo,17,1042,2,march,4,high,rowhammer_like,page_4KB,120,4096,16,8,True,1,13.325004
ppo,17,104,2,walking_1_0,2,high,rowhammer_like,page_4KB,30,4096,16,8,True,1,8.497104
ppo,17,1230,1,butterfly,2,low,random,page_4KB,120,1024,4,0,True,10,2.574
ppo,17,1581,1,solid,3,high,rowhammer_like,page_4KB,60,4096,16,8,True,1,9.733046400000001
ppo,17,203,2,walking_1_0,5,medium,rowhammer_like,page_4KB,300,4096,8,4,True,1,9.445201920000002
ppo,17,636,1,random,1,high,sequential,page_4KB,30,4096,16,8,True,-1,4.16955
ppo,17,1615,1,solid,4,high,random,page_4KB,300,0,16,8,True,10,12.903659999999999
ppo,17,1331,1,butterfly,4,high,rowhammer_like,page_4KB,300,0,16,8,True,1,23.431408000000005
ppo,17,1403,31,butterfly,6,high,rowhammer_like,page_4KB,300,0,16,8,True,1,23.431408000000005
ppo,18,836,1,random,7,low,rowhammer_like,page_4KB,30,256,4,0,True,1,1.6456000000000004
ppo,18,270,1,walking_1_0,7,medium,random,page_4KB,120,4096,8,4,True,10,4.8299328
ppo,18,1042,2,march,4,high,rowhammer_like,page_4KB,120,4096,16,8,True,1,13.325004
ppo,18,104,2,walking_1_0,2,high,rowhammer_like,page_4KB,30,4096,16,8,True,1,8.497104
ppo,18,1230,1,butterfly,2,low,random,page_4KB,120,1024,4,0,True,10,2.574
ppo,18,1581,1,solid,3,high,rowhammer_like,page_4KB,60,4096,16,8,True,1,9.733046400000001
ppo,18,203,1,walking_1_0,5,medium,rowhammer_like,page_4KB,300,4096,8,4,True,1,9.445201920000002
ppo,18,34,35,walking_1_0,0,high,rowhammer_like,page_4KB,120,4096,16,8,True,1,12.745656
ppo,19,836,1,random,7,low,rowhammer_like,page_4KB,30,256,4,0,True,1,1.6456000000000004
ppo,19,270,1,walking_1_0,7,medium,random,page_4KB,120,4096,8,4,True,10,4.8299328
ppo,19,1042,1,march,4,high,rowhammer_like,page_4KB,120,4096,16,8,True,1,13.325004
ppo,19,104,1,walking_1_0,2,high,rowhammer_like,page_4KB,30,4096,16,8,True,1,8.497104
ppo,19,636,1,random,1,high,sequential,page_4KB,30,4096,16,8,True,-1,4.16955
ppo,19,1615,1,solid,4,high,random,page_4KB,300,0,16,8,True,10,12.903659999999999
ppo,19,203,1,walking_1_0,5,medium,rowhammer_like,page_4KB,300,4096,8,4,True,1,9.445201920000002
ppo,19,1331,1,butterfly,4,high,rowhammer_like,page_4KB,300,0,16,8,True,1,23.431408000000005
ppo,19,1403,18,butterfly,6,high,rowhammer_like,page_4KB,300,0,16,8,True,1,23.431408000000005
ppo,20,836,1,random,7,low,rowhammer_like,page_4KB,30,256,4,0,True,1,1.6456000000000004
ppo,20,270,1,walking_1_0,7,medium,random,page_4KB,120,4096,8,4,True,10,4.8299328
ppo,20,1042,2,march,4,high,rowhammer_like,page_4KB,120,4096,16,8,True,1,13.325004
ppo,20,104,2,walking_1_0,2,high,rowhammer_like,page_4KB,30,4096,16,8,True,1,8.497104
ppo,20,1230,1,butterfly,2,low,random,page_4KB,120,1024,4,0,True,10,2.574
ppo,20,1581,1,solid,3,high,rowhammer_like,page_4KB,60,4096,16,8,True,1,9.733046400000001
ppo,20,203,1,walking_1_0,5,medium,rowhammer_like,page_4KB,300,4096,8,4,True,1,9.445201920000002
ppo,20,34,18,walking_1_0,0,high,rowhammer_like,page_4KB,120,4096,16,8,True,1,12.745656
ppo,21,836,1,random,7,low,rowhammer_like,page_4KB,30,256,4,0,True,1,1.6456000000000004
ppo,21,270,1,walking_1_0,7,medium,random,page_4KB,120,4096,8,4,True,10,4.8299328
ppo,21,1042,2,march,4,high,rowhammer_like,page_4KB,120,4096,16,8,True,1,13.325004
ppo,21,104,2,walking_1_0,2,high,rowhammer_like,page_4KB,30,4096,16,8,True,1,8.497104
ppo,21,1230,1,butterfly,2,low,random,page_4KB,120,1024,4,0,True,10,2.574
ppo,21,1581,1,solid,3,high,rowhammer_like,page_4KB,60,4096,16,8,True,1,9.733046400000001
ppo,21,203,2,walking_1_0,5,medium,rowhammer_like,page_4KB,300,4096,8,4,True,1,9.445201920000002
ppo,21,636,1,random,1,high,sequential,page_4KB,30,4096,16,8,True,-1,4.16955
ppo,21,1615,1,solid,4,high,random,page_4KB,300,0,16,8,True,10,12.903659999999999
ppo,21,1331,1,butterfly,4,high,rowhammer_like,page_4KB,300,0,16,8,True,1,23.431408000000005
ppo,21,1403,16,butterfly,6,high,rowhammer_like,page_4KB,300,0,16,8,True,1,23.431408000000005
ppo,22,836,1,random,7,low,rowhammer_like,page_4KB,30,256,4,0,True,1,1.6456000000000004
ppo,22,270,1,walking_1_0,7,medium,random,page_4KB,120,4096,8,4,True,10,4.8299328
ppo,22,1042,1,march,4,high,rowhammer_like,page_4KB,120,4096,16,8,True,1,13.325004
ppo,22,104,1,walking_1_0,2,high,rowhammer_like,page_4KB,30,4096,16,8,True,1,8.497104
ppo,22,1230,1,butterfly,2,low,random,page_4KB,120,1024,4,0,True,10,2.574
ppo,22,1581,1,solid,3,high,rowhammer_like,page_4KB,60,4096,16,8,True,1,9.733046400000001
ppo,22,203,1,walking_1_0,5,medium,rowhammer_like,page_4KB,300,4096,8,4,True,1,9.445201920000002
ppo,22,1331,1,butterfly,4,high,rowhammer_like,page_4KB,300,0,16,8,True,1,23.431408000000005
ppo,22,1403,19,butterfly,6,high,rowhammer_like,page_4KB,300,0,16,8,True,1,23.431408000000005
ppo,23,836,1,random,7,low,rowhammer_like,page_4KB,30,256,4,0,True,1,1.6456000000000004
ppo,23,270,1,walking_1_0,7,medium,random,page_4KB,120,4096,8,4,True,10,4.8299328
ppo,23,1042,2,march,4,high,rowhammer_like,page_4KB,120,4096,16,8,True,1,13.325004
ppo,23,104,2,walking_1_0,2,high,rowhammer_like,page_4KB,30,4096,16,8,True,1,8.497104
ppo,23,1230,1,butterfly,2,low,random,page_4KB,120,1024,4,0,True,10,2.574
ppo,23,1581,1,solid,3,high,rowhammer_like,page_4KB,60,4096,16,8,True,1,9.733046400000001
ppo,23,203,2,walking_1_0,5,medium,rowhammer_like,page_4KB,300,4096,8,4,True,1,9.445201920000002
ppo,23,636,1,random,1,high,sequential,page_4KB,30,4096,16,8,True,-1,4.16955
ppo,23,1615,1,solid,4,high,random,page_4KB,300,0,16,8,True,10,12.903659999999999
ppo,23,1331,1,butterfly,4,high,rowhammer_like,page_4KB,300,0,16,8,True,1,23.431408000000005
ppo,23,1403,6,butterfly,6,high,rowhammer_like,page_4KB,300,0,16,8,True,1,23.431408000000005
ppo,24,836,1,random,7,low,rowhammer_like,page_4KB,30,256,4,0,True,1,1.6456000000000004
ppo,24,270,1,walking_1_0,7,medium,random,page_4KB,120,4096,8,4,True,10,4.8299328
ppo,24,1042,2,march,4,high,rowhammer_like,page_4KB,120,4096,16,8,True,1,13.325004
ppo,24,104,2,walking_1_0,2,high,rowhammer_like,page_4KB,30,4096,16,8,True,1,8.497104
ppo,24,1230,1,butterfly,2,low,random,page_4KB,120,1024,4,0,True,10,2.574
ppo,24,1581,1,solid,3,high,rowhammer_like,page_4KB,60,4096,16,8,True,1,9.733046400000001
ppo,24,203,1,walking_1_0,5,medium,rowhammer_like,page_4KB,300,4096,8,4,True,1,9.445201920000002
ppo,24,34,18,walking_1_0,0,high,rowhammer_like,page_4KB,120,4096,16,8,True,1,12.745656
ppo,25,836,1,random,7,low,rowhammer_like,page_4KB,30,256,4,0,True,1,1.6456000000000004
ppo,25,270,1,walking_1_0,7,medium,random,page_4KB,120,4096,8,4,True,10,4.8299328
ppo,25,1042,1,march,4,high,rowhammer_like,page_4KB,120,4096,16,8,True,1,13.325004
ppo,25,104,1,walking_1_0,2,high,rowhammer_like,page_4KB,30,4096,16,8,True,1,8.497104
ppo,25,636,1,random,1,high,sequential,page_4KB,30,4096,16,8,True,-1,4.16955
ppo,25,1615,1,solid,4,high,random,page_4KB,300,0,16,8,True,10,12.903659999999999
ppo,25,203,1,walking_1_0,5,medium,rowhammer_like,page_4KB,300,4096,8,4,True,1,9.445201920000002
ppo,25,1331,1,butterfly,4,high,rowhammer_like,page_4KB,300,0,16,8,True,1,23.431408000000005
ppo,25,1403,5,butterfly,6,high,rowhammer_like,page_4KB,300,0,16,8,True,1,23.431408000000005
ppo,26,836,1,random,7,low,rowhammer_like,page_4KB,30,256,4,0,True,1,1.6456000000000004
ppo,26,270,1,walking_1_0,7,medium,random,page_4KB,120,4096,8,4,True,10,4.8299328
ppo,26,1042,1,march,4,high,rowhammer_like,page_4KB,120,4096,16,8,True,1,13.325004
ppo,26,104,1,walking_1_0,2,high,rowhammer_like,page_4KB,30,4096,16,8,True,1,8.497104
ppo,26,636,1,random,1,high,sequential,page_4KB,30,4096,16,8,True,-1,4.16955
ppo,26,1615,1,solid,4,high,random,page_4KB,300,0,16,8,True,10,12.903659999999999
ppo,26,203,1,walking_1_0,5,medium,rowhammer_like,page_4KB,300,4096,8,4,True,1,9.445201920000002
ppo,26,1331,1,butterfly,4,high,rowhammer_like,page_4KB,300,0,16,8,True,1,23.431408000000005
ppo,26,1403,12,butterfly,6,high,rowhammer_like,page_4KB,300,0,16,8,True,1,23.431408000000005
ppo,27,836,1,random,7,low,rowhammer_like,page_4KB,30,256,4,0,True,1,1.6456000000000004
ppo,27,270,1,walking_1_0,7,medium,random,page_4KB,120,4096,8,4,True,10,4.8299328
ppo,27,1042,1,march,4,high,rowhammer_like,page_4KB,120,4096,16,8,True,1,13.325004
ppo,27,104,1,walking_1_0,2,high,rowhammer_like,page_4KB,30,4096,16,8,True,1,8.497104
ppo,27,636,1,random,1,high,sequential,page_4KB,30,4096,16,8,True,-1,4.16955
ppo,27,1615,1,solid,4,high,random,page_4KB,300,0,16,8,True,10,12.903659999999999
ppo,27,203,1,walking_1_0,5,medium,rowhammer_like,page_4KB,300,4096,8,4,True,1,9.445201920000002
ppo,27,1331,1,butterfly,4,high,rowhammer_like,page_4KB,300,0,16,8,True,1,23.431408000000005
ppo,27,1403,3,butterfly,6,high,rowhammer_like,page_4KB,300,0,16,8,True,1,23.431408000000005
ppo,28,836,1,random,7,low,rowhammer_like,page_4KB,30,256,4,0,True,1,1.6456000000000004
ppo,28,270,1,walking_1_0,7,medium,random,page_4KB,120,4096,8,4,True,10,4.8299328
ppo,28,1042,1,march,4,high,rowhammer_like,page_4KB,120,4096,16,8,True,1,13.325004
ppo,28,104,1,walking_1_0,2,high,rowhammer_like,page_4KB,30,4096,16,8,True,1,8.497104
ppo,28,1230,1,butterfly,2,low,random,page_4KB,120,1024,4,0,True,10,2.574
ppo,28,1581,1,solid,3,high,rowhammer_like,page_4KB,60,4096,16,8,True,1,9.733046400000001
ppo,28,203,1,walking_1_0,5,medium,rowhammer_like,page_4KB,300,4096,8,4,True,1,9.445201920000002
ppo,28,1331,1,butterfly,4,high,rowhammer_like,page_4KB,300,0,16,8,True,1,23.431408000000005
ppo,28,1403,1,butterfly,6,high,rowhammer_like,page_4KB,300,0,16,8,True,1,23.431408000000005
ppo,29,836,1,random,7,low,rowhammer_like,page_4KB,30,256,4,0,True,1,1.6456000000000004
ppo,29,270,1,walking_1_0,7,medium,random,page_4KB,120,4096,8,4,True,10,4.8299328
ppo,29,1042,2,march,4,high,rowhammer_like,page_4KB,120,4096,16,8,True,1,13.325004
ppo,29,104,2,walking_1_0,2,high,rowhammer_like,page_4KB,30,4096,16,8,True,1,8.497104
ppo,29,1230,1,butterfly,2,low,random,page_4KB,120,1024,4,0,True,10,2.574
ppo,29,1581,1,solid,3,high,rowhammer_like,page_4KB,60,4096,16,8,True,1,9.733046400000001
ppo,29,203,2,walking_1_0,5,medium,rowhammer_like,page_4KB,300,4096,8,4,True,1,9.445201920000002
ppo,29,636,1,random,1,high,sequential,page_4KB,30,4096,16,8,True,-1,4.16955
ppo,29,1615,1,solid,4,high,random,page_4KB,300,0,16,8,True,10,12.903659999999999
ppo,29,1331,1,butterfly,4,high,rowhammer_like,page_4KB,300,0,16,8,True,1,23.431408000000005
ppo,29,1403,2,butterfly,6,high,rowhammer_like,page_4KB,300,0,16,8,True,1,23.431408000000005
ppo,30,836,1,random,7,low,rowhammer_like,page_4KB,30,256,4,0,True,1,1.6456000000000004
ppo,30,270,1,walking_1_0,7,medium,random,page_4KB,120,4096,8,4,True,10,4.8299328
ppo,30,1042,1,march,4,high,rowhammer_like,page_4KB,120,4096,16,8,True,1,13.325004
ppo,30,104,1,walking_1_0,2,high,rowhammer_like,page_4KB,30,4096,16,8,True,1,8.497104
ppo,30,636,1,random,1,high,sequential,page_4KB,30,4096,16,8,True,-1,4.16955
ppo,30,1615,1,solid,4,high,random,page_4KB,300,0,16,8,True,10,12.903659999999999
ppo,30,203,1,walking_1_0,5,medium,rowhammer_like,page_4KB,300,4096,8,4,True,1,9.445201920000002
ppo,30,1331,1,butterfly,4,high,rowhammer_like,page_4KB,300,0,16,8,True,1,23.431408000000005
ppo,30,1403,5,butterfly,6,high,rowhammer_like,page_4KB,300,0,16,8,True,1,23.431408000000005
ppo,31,836,1,random,7,low,rowhammer_like,page_4KB,30,256,4,0,True,1,1.6456000000000004
ppo,31,270,1,walking_1_0,7,medium,random,page_4KB,120,4096,8,4,True,10,4.8299328
ppo,31,1042,1,march,4,high,rowhammer_like,page_4KB,120,4096,16,8,True,1,13.325004
ppo,31,104,1,walking_1_0,2,high,rowhammer_like,page_4KB,30,4096,16,8,True,1,8.497104
ppo,31,636,1,random,1,high,sequential,page_4KB,30,4096,16,8,True,-1,4.16955
ppo,31,1615,1,solid,4,high,random,page_4KB,300,0,16,8,True,10,12.903659999999999
ppo,31,203,1,walking_1_0,5,medium,rowhammer_like,page_4KB,300,4096,8,4,True,1,9.445201920000002
ppo,31,1331,1,butterfly,4,high,rowhammer_like,page_4KB,300,0,16,8,True,1,23.431408000000005
ppo,31,1403,18,butterfly,6,high,rowhammer_like,page_4KB,300,0,16,8,True,1,23.431408000000005
ppo,32,836,1,random,7,low,rowhammer_like,page_4KB,30,256,4,0,True,1,1.6456000000000004
ppo,32,270,1,walking_1_0,7,medium,random,page_4KB,120,4096,8,4,True,10,4.8299328
ppo,32,1042,1,march,4,high,rowhammer_like,page_4KB,120,4096,16,8,True,1,13.325004
ppo,32,104,1,walking_1_0,2,high,rowhammer_like,page_4KB,30,4096,16,8,True,1,8.497104
ppo,32,1230,1,butterfly,2,low,random,page_4KB,120,1024,4,0,True,10,2.574
ppo,32,1581,1,solid,3,high,rowhammer_like,page_4KB,60,4096,16,8,True,1,9.733046400000001
ppo,32,203,1,walking_1_0,5,medium,rowhammer_like,page_4KB,300,4096,8,4,True,1,9.445201920000002
ppo,32,1331,1,butterfly,4,high,rowhammer_like,page_4KB,300,0,16,8,True,1,23.431408000000005
ppo,32,1403,12,butterfly,6,high,rowhammer_like,page_4KB,300,0,16,8,True,1,23.431408000000005
ppo,33,836,1,random,7,low,rowhammer_like,page_4KB,30,256,4,0,True,1,1.6456000000000004
ppo,33,270,1,walking_1_0,7,medium,random,page_4KB,120,4096,8,4,True,10,4.8299328
ppo,33,1042,1,march,4,high,rowhammer_like,page_4KB,120,4096,16,8,True,1,13.325004
ppo,33,104,1,walking_1_0,2,high,rowhammer_like,page_4KB,30,4096,16,8,True,1,8.497104
ppo,33,636,1,random,1,high,sequential,page_4KB,30,4096,16,8,True,-1,4.16955
ppo,33,1615,1,solid,4,high,random,page_4KB,300,0,16,8,True,10,12.903659999999999
ppo,33,203,1,walking_1_0,5,medium,rowhammer_like,page_4KB,300,4096,8,4,True,1,9.445201920000002
ppo,33,1331,1,butterfly,4,high,rowhammer_like,page_4KB,300,0,16,8,True,1,23.431408000000005
ppo,33,1403,10,butterfly,6,high,rowhammer_like,page_4KB,300,0,16,8,True,1,23.431408000000005
ppo,34,836,1,random,7,low,rowhammer_like,page_4KB,30,256,4,0,True,1,1.6456000000000004
ppo,34,270,1,walking_1_0,7,medium,random,page_4KB,120,4096,8,4,True,10,4.8299328
ppo,34,1042,1,march,4,high,rowhammer_like,page_4KB,120,4096,16,8,True,1,13.325004
ppo,34,104,1,walking_1_0,2,high,rowhammer_like,page_4KB,30,4096,16,8,True,1,8.497104
ppo,34,636,1,random,1,high,sequential,page_4KB,30,4096,16,8,True,-1,4.16955
ppo,34,1615,1,solid,4,high,random,page_4KB,300,0,16,8,True,10,12.903659999999999
ppo,34,203,1,walking_1_0,5,medium,rowhammer_like,page_4KB,300,4096,8,4,True,1,9.445201920000002
ppo,34,1331,1,butterfly,4,high,rowhammer_like,page_4KB,300,0,16,8,True,1,23.431408000000005
ppo,34,1403,5,butterfly,6,high,rowhammer_like,page_4KB,300,0,16,8,True,1,23.431408000000005
ppo,35,836,1,random,7,low,rowhammer_like,page_4KB,30,256,4,0,True,1,1.6456000000000004
ppo,35,270,1,walking_1_0,7,medium,random,page_4KB,120,4096,8,4,True,10,4.8299328
ppo,35,1042,1,march,4,high,rowhammer_like,page_4KB,120,4096,16,8,True,1,13.325004
ppo,35,104,1,walking_1_0,2,high,rowhammer_like,page_4KB,30,4096,16,8,True,1,8.497104
ppo,35,1230,1,butterfly,2,low,random,page_4KB,120,1024,4,0,True,10,2.574
ppo,35,1581,1,solid,3,high,rowhammer_like,page_4KB,60,4096,16,8,True,1,9.733046400000001
ppo,35,203,1,walking_1_0,5,medium,rowhammer_like,page_4KB,300,4096,8,4,True,1,9.445201920000002
ppo,35,1331,1,butterfly,4,high,rowhammer_like,page_4KB,300,0,16,8,True,1,23.431408000000005
ppo,35,1403,13,butterfly,6,high,rowhammer_like,page_4KB,300,0,16,8,True,1,23.431408000000005
ppo,36,836,1,random,7,low,rowhammer_like,page_4KB,30,256,4,0,True,1,1.6456000000000004
ppo,36,270,1,walking_1_0,7,medium,random,page_4KB,120,4096,8,4,True,10,4.8299328
ppo,36,1042,1,march,4,high,rowhammer_like,page_4KB,120,4096,16,8,True,1,13.325004
ppo,36,104,1,walking_1_0,2,high,rowhammer_like,page_4KB,30,4096,16,8,True,1,8.497104
ppo,36,1230,1,butterfly,2,low,random,page_4KB,120,1024,4,0,True,10,2.574
ppo,36,1581,1,solid,3,high,rowhammer_like,page_4KB,60,4096,16,8,True,1,9.733046400000001
ppo,36,203,1,walking_1_0,5,medium,rowhammer_like,page_4KB,300,4096,8,4,True,1,9.445201920000002
ppo,36,1331,1,butterfly,4,high,rowhammer_like,page_4KB,300,0,16,8,True,1,23.431408000000005
ppo,36,1403,6,butterfly,6,high,rowhammer_like,page_4KB,300,0,16,8,True,1,23.431408000000005
ppo,37,836,1,random,7,low,rowhammer_like,page_4KB,30,256,4,0,True,1,1.6456000000000004
ppo,37,270,1,walking_1_0,7,medium,random,page_4KB,120,4096,8,4,True,10,4.8299328
ppo,37,1042,2,march,4,high,rowhammer_like,page_4KB,120,4096,16,8,True,1,13.325004
ppo,37,104,2,walking_1_0,2,high,rowhammer_like,page_4KB,30,4096,16,8,True,1,8.497104
ppo,37,1230,1,butterfly,2,low,random,page_4KB,120,1024,4,0,True,10,2.574
ppo,37,1581,1,solid,3,high,rowhammer_like,page_4KB,60,4096,16,8,True,1,9.733046400000001
ppo,37,203,2,walking_1_0,5,medium,rowhammer_like,page_4KB,300,4096,8,4,True,1,9.445201920000002
ppo,37,636,1,random,1,high,sequential,page_4KB,30,4096,16,8,True,-1,4.16955
ppo,37,1615,1,solid,4,high,random,page_4KB,300,0,16,8,True,10,12.903659999999999
ppo,37,1331,1,butterfly,4,high,rowhammer_like,page_4KB,300,0,16,8,True,1,23.431408000000005
ppo,37,1403,4,butterfly,6,high,rowhammer_like,page_4KB,300,0,16,8,True,1,23.431408000000005
ppo,38,836,1,random,7,low,rowhammer_like,page_4KB,30,256,4,0,True,1,1.6456000000000004
ppo,38,270,1,walking_1_0,7,medium,random,page_4KB,120,4096,8,4,True,10,4.8299328
ppo,38,1042,1,march,4,high,rowhammer_like,page_4KB,120,4096,16,8,True,1,13.325004
ppo,38,104,1,walking_1_0,2,high,rowhammer_like,page_4KB,30,4096,16,8,True,1,8.497104
ppo,38,636,1,random,1,high,sequential,page_4KB,30,4096,16,8,True,-1,4.16955
ppo,38,1615,1,solid,4,high,random,page_4KB,300,0,16,8,True,10,12.903659999999999
ppo,38,203,1,walking_1_0,5,medium,rowhammer_like,page_4KB,300,4096,8,4,True,1,9.445201920000002
ppo,38,1331,1,butterfly,4,high,rowhammer_like,page_4KB,300,0,16,8,True,1,23.431408000000005
ppo,38,1403,6,butterfly,6,high,rowhammer_like,page_4KB,300,0,16,8,True,1,23.431408000000005
ppo,39,836,1,random,7,low,rowhammer_like,page_4KB,30,256,4,0,True,1,1.6456000000000004
ppo,39,270,1,walking_1_0,7,medium,random,page_4KB,120,4096,8,4,True,10,4.8299328
ppo,39,1042,2,march,4,high,rowhammer_like,page_4KB,120,4096,16,8,True,1,13.325004
ppo,39,104,2,walking_1_0,2,high,rowhammer_like,page_4KB,30,4096,16,8,True,1,8.497104
ppo,39,1230,1,butterfly,2,low,random,page_4KB,120,1024,4,0,True,10,2.574
ppo,39,1581,1,solid,3,high,rowhammer_like,page_4KB,60,4096,16,8,True,1,9.733046400000001
ppo,39,203,2,walking_1_0,5,medium,rowhammer_like,page_4KB,300,4096,8,4,True,1,9.445201920000002
ppo,39,636,1,random,1,high,sequential,page_4KB,30,4096,16,8,True,-1,4.16955
ppo,39,1615,1,solid,4,high,random,page_4KB,300,0,16,8,True,10,12.903659999999999
ppo,39,1331,1,butterfly,4,high,rowhammer_like,page_4KB,300,0,16,8,True,1,23.431408000000005
ppo,39,1403,22,butterfly,6,high,rowhammer_like,page_4KB,300,0,16,8,True,1,23.431408000000005
ppo,40,836,1,random,7,low,rowhammer_like,page_4KB,30,256,4,0,True,1,1.6456000000000004
ppo,40,270,1,walking_1_0,7,medium,random,page_4KB,120,4096,8,4,True,10,4.8299328
ppo,40,1042,1,march,4,high,rowhammer_like,page_4KB,120,4096,16,8,True,1,13.325004
ppo,40,104,1,walking_1_0,2,high,rowhammer_like,page_4KB,30,4096,16,8,True,1,8.497104
ppo,40,636,1,random,1,high,sequential,page_4KB,30,4096,16,8,True,-1,4.16955
ppo,40,1615,1,solid,4,high,random,page_4KB,300,0,16,8,True,10,12.903659999999999
ppo,40,203,1,walking_1_0,5,medium,rowhammer_like,page_4KB,300,4096,8,4,True,1,9.445201920000002
ppo,40,1331,1,butterfly,4,high,rowhammer_like,page_4KB,300,0,16,8,True,1,23.431408000000005
ppo,41,836,1,random,7,low,rowhammer_like,page_4KB,30,256,4,0,True,1,1.6456000000000004
ppo,41,270,1,walking_1_0,7,medium,random,page_4KB,120,4096,8,4,True,10,4.8299328
ppo,41,1042,2,march,4,high,rowhammer_like,page_4KB,120,4096,16,8,True,1,13.325004
ppo,41,104,2,walking_1_0,2,high,rowhammer_like,page_4KB,30,4096,16,8,True,1,8.497104
ppo,41,1230,1,butterfly,2,low,random,page_4KB,120,1024,4,0,True,10,2.574
ppo,41,1581,1,solid,3,high,rowhammer_like,page_4KB,60,4096,16,8,True,1,9.733046400000001
ppo,41,203,1,walking_1_0,5,medium,rowhammer_like,page_4KB,300,4096,8,4,True,1,9.445201920000002
ppo,41,34,15,walking_1_0,0,high,rowhammer_like,page_4KB,120,4096,16,8,True,1,12.745656
ppo,42,836,1,random,7,low,rowhammer_like,page_4KB,30,256,4,0,True,1,1.6456000000000004
ppo,42,270,1,walking_1_0,7,medium,random,page_4KB,120,4096,8,4,True,10,4.8299328
ppo,42,1042,1,march,4,high,rowhammer_like,page_4KB,120,4096,16,8,True,1,13.325004
ppo,42,104,1,walking_1_0,2,high,rowhammer_like,page_4KB,30,4096,16,8,True,1,8.497104
ppo,42,636,1,random,1,high,sequential,page_4KB,30,4096,16,8,True,-1,4.16955
ppo,42,1615,1,solid,4,high,random,page_4KB,300,0,16,8,True,10,12.903659999999999
ppo,42,203,1,walking_1_0,5,medium,rowhammer_like,page_4KB,300,4096,8,4,True,1,9.445201920000002
ppo,42,1331,1,butterfly,4,high,rowhammer_like,page_4KB,300,0,16,8,True,1,23.431408000000005
ppo,42,1403,41,butterfly,6,high,rowhammer_like,page_4KB,300,0,16,8,True,1,23.431408000000005
ppo,43,836,1,random,7,low,rowhammer_like,page_4KB,30,256,4,0,True,1,1.6456000000000004
ppo,43,270,1,walking_1_0,7,medium,random,page_4KB,120,4096,8,4,True,10,4.8299328
ppo,43,1042,2,march,4,high,rowhammer_like,page_4KB,120,4096,16,8,True,1,13.325004
ppo,43,104,2,walking_1_0,2,high,rowhammer_like,page_4KB,30,4096,16,8,True,1,8.497104
ppo,43,1230,1,butterfly,2,low,random,page_4KB,120,1024,4,0,True,10,2.574
ppo,43,1581,1,solid,3,high,rowhammer_like,page_4KB,60,4096,16,8,True,1,9.733046400000001
ppo,43,203,2,walking_1_0,5,medium,rowhammer_like,page_4KB,300,4096,8,4,True,1,9.445201920000002
ppo,43,636,1,random,1,high,sequential,page_4KB,30,4096,16,8,True,-1,4.16955
ppo,43,1615,1,solid,4,high,random,page_4KB,300,0,16,8,True,10,12.903659999999999
ppo,43,1331,1,butterfly,4,high,rowhammer_like,page_4KB,300,0,16,8,True,1,23.431408000000005
ppo,43,1403,13,butterfly,6,high,rowhammer_like,page_4KB,300,0,16,8,True,1,23.431408000000005
ppo,44,836,1,random,7,low,rowhammer_like,page_4KB,30,256,4,0,True,1,1.6456000000000004
ppo,44,270,1,walking_1_0,7,medium,random,page_4KB,120,4096,8,4,True,10,4.8299328
ppo,44,1042,2,march,4,high,rowhammer_like,page_4KB,120,4096,16,8,True,1,13.325004
ppo,44,104,2,walking_1_0,2,high,rowhammer_like,page_4KB,30,4096,16,8,True,1,8.497104
ppo,44,1230,1,butterfly,2,low,random,page_4KB,120,1024,4,0,True,10,2.574
ppo,44,1581,1,solid,3,high,rowhammer_like,page_4KB,60,4096,16,8,True,1,9.733046400000001
ppo,44,203,2,walking_1_0,5,medium,rowhammer_like,page_4KB,300,4096,8,4,True,1,9.445201920000002
ppo,44,636,1,random,1,high,sequential,page_4KB,30,4096,16,8,True,-1,4.16955
ppo,44,1615,1,solid,4,high,random,page_4KB,300,0,16,8,True,10,12.903659999999999
ppo,44,1331,1,butterfly,4,high,rowhammer_like,page_4KB,300,0,16,8,True,1,23.431408000000005
ppo,44,1403,9,butterfly,6,high,rowhammer_like,page_4KB,300,0,16,8,True,1,23.431408000000005
ppo,45,836,1,random,7,low,rowhammer_like,page_4KB,30,256,4,0,True,1,1.6456000000000004
ppo,45,270,1,walking_1_0,7,medium,random,page_4KB,120,4096,8,4,True,10,4.8299328
ppo,45,1042,1,march,4,high,rowhammer_like,page_4KB,120,4096,16,8,True,1,13.325004
ppo,45,104,1,walking_1_0,2,high,rowhammer_like,page_4KB,30,4096,16,8,True,1,8.497104
ppo,45,1230,1,butterfly,2,low,random,page_4KB,120,1024,4,0,True,10,2.574
ppo,45,1581,1,solid,3,high,rowhammer_like,page_4KB,60,4096,16,8,True,1,9.733046400000001
ppo,45,203,1,walking_1_0,5,medium,rowhammer_like,page_4KB,300,4096,8,4,True,1,9.445201920000002
ppo,45,1331,1,butterfly,4,high,rowhammer_like,page_4KB,300,0,16,8,True,1,23.431408000000005
ppo,45,1403,28,butterfly,6,high,rowhammer_like,page_4KB,300,0,16,8,True,1,23.431408000000005
ppo,46,836,1,random,7,low,rowhammer_like,page_4KB,30,256,4,0,True,1,1.6456000000000004
ppo,46,270,1,walking_1_0,7,medium,random,page_4KB,120,4096,8,4,True,10,4.8299328
ppo,46,1042,1,march,4,high,rowhammer_like,page_4KB,120,4096,16,8,True,1,13.325004
ppo,46,104,1,walking_1_0,2,high,rowhammer_like,page_4KB,30,4096,16,8,True,1,8.497104
ppo,46,636,1,random,1,high,sequential,page_4KB,30,4096,16,8,True,-1,4.16955
ppo,46,1615,1,solid,4,high,random,page_4KB,300,0,16,8,True,10,12.903659999999999
ppo,46,203,1,walking_1_0,5,medium,rowhammer_like,page_4KB,300,4096,8,4,True,1,9.445201920000002
ppo,46,1331,1,butterfly,4,high,rowhammer_like,page_4KB,300,0,16,8,True,1,23.431408000000005
ppo,46,1403,10,butterfly,6,high,rowhammer_like,page_4KB,300,0,16,8,True,1,23.431408000000005
ppo,47,836,1,random,7,low,rowhammer_like,page_4KB,30,256,4,0,True,1,1.6456000000000004
ppo,47,270,1,walking_1_0,7,medium,random,page_4KB,120,4096,8,4,True,10,4.8299328
ppo,47,1042,2,march,4,high,rowhammer_like,page_4KB,120,4096,16,8,True,1,13.325004
ppo,47,104,2,walking_1_0,2,high,rowhammer_like,page_4KB,30,4096,16,8,True,1,8.497104
ppo,47,1230,1,butterfly,2,low,random,page_4KB,120,1024,4,0,True,10,2.574
ppo,47,1581,1,solid,3,high,rowhammer_like,page_4KB,60,4096,16,8,True,1,9.733046400000001
ppo,47,203,2,walking_1_0,5,medium,rowhammer_like,page_4KB,300,4096,8,4,True,1,9.445201920000002
ppo,47,636,1,random,1,high,sequential,page_4KB,30,4096,16,8,True,-1,4.16955
ppo,47,1615,1,solid,4,high,random,page_4KB,300,0,16,8,True,10,12.903659999999999
ppo,47,1331,1,butterfly,4,high,rowhammer_like,page_4KB,300,0,16,8,True,1,23.431408000000005
ppo,47,1403,8,butterfly,6,high,rowhammer_like,page_4KB,300,0,16,8,True,1,23.431408000000005
ppo,48,836,1,random,7,low,rowhammer_like,page_4KB,30,256,4,0,True,1,1.6456000000000004
ppo,48,270,1,walking_1_0,7,medium,random,page_4KB,120,4096,8,4,True,10,4.8299328
ppo,48,1042,1,march,4,high,rowhammer_like,page_4KB,120,4096,16,8,True,1,13.325004
ppo,48,104,1,walking_1_0,2,high,rowhammer_like,page_4KB,30,4096,16,8,True,1,8.497104
ppo,48,1230,1,butterfly,2,low,random,page_4KB,120,1024,4,0,True,10,2.574
ppo,48,1581,1,solid,3,high,rowhammer_like,page_4KB,60,4096,16,8,True,1,9.733046400000001
ppo,48,203,1,walking_1_0,5,medium,rowhammer_like,page_4KB,300,4096,8,4,True,1,9.445201920000002
ppo,48,1331,1,butterfly,4,high,rowhammer_like,page_4KB,300,0,16,8,True,1,23.431408000000005
ppo,48,1403,3,butterfly,6,high,rowhammer_like,page_4KB,300,0,16,8,True,1,23.431408000000005
ppo,49,836,1,random,7,low,rowhammer_like,page_4KB,30,256,4,0,True,1,1.6456000000000004
ppo,49,270,1,walking_1_0,7,medium,random,page_4KB,120,4096,8,4,True,10,4.8299328
ppo,49,1042,1,march,4,high,rowhammer_like,page_4KB,120,4096,16,8,True,1,13.325004
ppo,49,104,1,walking_1_0,2,high,rowhammer_like,page_4KB,30,4096,16,8,True,1,8.497104
ppo,49,636,1,random,1,high,sequential,page_4KB,30,4096,16,8,True,-1,4.16955
ppo,49,1615,1,solid,4,high,random,page_4KB,300,0,16,8,True,10,12.903659999999999
ppo,49,203,1,walking_1_0,5,medium,rowhammer_like,page_4KB,300,4096,8,4,True,1,9.445201920000002
ppo,49,1331,1,butterfly,4,high,rowhammer_like,page_4KB,300,0,16,8,True,1,23.431408000000005
ppo,49,1403,5,butterfly,6,high,rowhammer_like,page_4KB,300,0,16,8,True,1,23.431408000000005
ppo,50,836,1,random,7,low,rowhammer_like,page_4KB,30,256,4,0,True,1,1.6456000000000004
ppo,50,270,1,walking_1_0,7,medium,random,page_4KB,120,4096,8,4,True,10,4.8299328
ppo,50,1042,2,march,4,high,rowhammer_like,page_4KB,120,4096,16,8,True,1,13.325004
ppo,50,104,2,walking_1_0,2,high,rowhammer_like,page_4KB,30,4096,16,8,True,1,8.497104
ppo,50,1230,1,butterfly,2,low,random,page_4KB,120,1024,4,0,True,10,2.574
ppo,50,1581,1,solid,3,high,rowhammer_like,page_4KB,60,4096,16,8,True,1,9.733046400000001
ppo,50,203,2,walking_1_0,5,medium,rowhammer_like,page_4KB,300,4096,8,4,True,1,9.445201920000002
ppo,50,636,1,random,1,high,sequential,page_4KB,30,4096,16,8,True,-1,4.16955
ppo,50,1615,1,solid,4,high,random,page_4KB,300,0,16,8,True,10,12.903659999999999
ppo,50,1331,1,butterfly,4,high,rowhammer_like,page_4KB,300,0,16,8,True,1,23.431408000000005
ppo,50,1403,3,butterfly,6,high,rowhammer_like,page_4KB,300,0,16,8,True,1,23.431408000000005
ppo,51,836,1,random,7,low,rowhammer_like,page_4KB,30,256,4,0,True,1,1.6456000000000004
ppo,51,270,1,walking_1_0,7,medium,random,page_4KB,120,4096,8,4,True,10,4.8299328
ppo,51,1042,1,march,4,high,rowhammer_like,page_4KB,120,4096,16,8,True,1,13.325004
ppo,51,104,1,walking_1_0,2,high,rowhammer_like,page_4KB,30,4096,16,8,True,1,8.497104
ppo,51,636,1,random,1,high,sequential,page_4KB,30,4096,16,8,True,-1,4.16955
ppo,51,1615,1,solid,4,high,random,page_4KB,300,0,16,8,True,10,12.903659999999999
ppo,51,203,1,walking_1_0,5,medium,rowhammer_like,page_4KB,300,4096,8,4,True,1,9.445201920000002
ppo,51,1331,1,butterfly,4,high,rowhammer_like,page_4KB,300,0,16,8,True,1,23.431408000000005
ppo,51,1403,11,butterfly,6,high,rowhammer_like,page_4KB,300,0,16,8,True,1,23.431408000000005
ppo,52,836,1,random,7,low,rowhammer_like,page_4KB,30,256,4,0,True,1,1.6456000000000004
ppo,52,270,1,walking_1_0,7,medium,random,page_4KB,120,4096,8,4,True,10,4.8299328
ppo,52,1042,2,march,4,high,rowhammer_like,page_4KB,120,4096,16,8,True,1,13.325004
ppo,52,104,2,walking_1_0,2,high,rowhammer_like,page_4KB,30,4096,16,8,True,1,8.497104
ppo,52,1230,1,butterfly,2,low,random,page_4KB,120,1024,4,0,True,10,2.574
ppo,52,1581,1,solid,3,high,rowhammer_like,page_4KB,60,4096,16,8,True,1,9.733046400000001
ppo,52,203,2,walking_1_0,5,medium,rowhammer_like,page_4KB,300,4096,8,4,True,1,9.445201920000002
ppo,52,636,1,random,1,high,sequential,page_4KB,30,4096,16,8,True,-1,4.16955
ppo,52,1615,1,solid,4,high,random,page_4KB,300,0,16,8,True,10,12.903659999999999
ppo,52,1331,1,butterfly,4,high,rowhammer_like,page_4KB,300,0,16,8,True,1,23.431408000000005
ppo,52,1403,20,butterfly,6,high,rowhammer_like,page_4KB,300,0,16,8,True,1,23.431408000000005
ppo,53,836,1,random,7,low,rowhammer_like,page_4KB,30,256,4,0,True,1,1.6456000000000004
ppo,53,270,1,walking_1_0,7,medium,random,page_4KB,120,4096,8,4,True,10,4.8299328
ppo,53,1042,2,march,4,high,rowhammer_like,page_4KB,120,4096,16,8,True,1,13.325004
ppo,53,104,2,walking_1_0,2,high,rowhammer_like,page_4KB,30,4096,16,8,True,1,8.497104
ppo,53,1230,1,butterfly,2,low,random,page_4KB,120,1024,4,0,True,10,2.574
ppo,53,1581,1,solid,3,high,rowhammer_like,page_4KB,60,4096,16,8,True,1,9.733046400000001
ppo,53,203,2,walking_1_0,5,medium,rowhammer_like,page_4KB,300,4096,8,4,True,1,9.445201920000002
ppo,53,636,1,random,1,high,sequential,page_4KB,30,4096,16,8,True,-1,4.16955
ppo,53,1615,1,solid,4,high,random,page_4KB,300,0,16,8,True,10,12.903659999999999
ppo,53,1331,1,butterfly,4,high,rowhammer_like,page_4KB,300,0,16,8,True,1,23.431408000000005
ppo,53,1403,8,butterfly,6,high,rowhammer_like,page_4KB,300,0,16,8,True,1,23.431408000000005
ppo,54,836,1,random,7,low,rowhammer_like,page_4KB,30,256,4,0,True,1,1.6456000000000004
ppo,54,270,1,walking_1_0,7,medium,random,page_4KB,120,4096,8,4,True,10,4.8299328
ppo,55,836,1,random,7,low,rowhammer_like,page_4KB,30,256,4,0,True,1,1.6456000000000004
ppo,55,270,1,walking_1_0,7,medium,random,page_4KB,120,4096,8,4,True,10,4.8299328
ppo,55,1042,1,march,4,high,rowhammer_like,page_4KB,120,4096,16,8,True,1,13.325004
ppo,55,104,1,walking_1_0,2,high,rowhammer_like,page_4KB,30,4096,16,8,True,1,8.497104
ppo,55,636,1,random,1,high,sequential,page_4KB,30,4096,16,8,True,-1,4.16955
ppo,55,1615,1,solid,4,high,random,page_4KB,300,0,16,8,True,10,12.903659999999999
ppo,55,203,1,walking_1_0,5,medium,rowhammer_like,page_4KB,300,4096,8,4,True,1,9.445201920000002
ppo,55,1331,1,butterfly,4,high,rowhammer_like,page_4KB,300,0,16,8,True,1,23.431408000000005
ppo,55,1403,9,butterfly,6,high,rowhammer_like,page_4KB,300,0,16,8,True,1,23.431408000000005
ppo,56,836,1,random,7,low,rowhammer_like,page_4KB,30,256,4,0,True,1,1.6456000000000004
ppo,56,270,1,walking_1_0,7,medium,random,page_4KB,120,4096,8,4,True,10,4.8299328
ppo,56,1042,1,march,4,high,rowhammer_like,page_4KB,120,4096,16,8,True,1,13.325004
ppo,56,104,1,walking_1_0,2,high,rowhammer_like,page_4KB,30,4096,16,8,True,1,8.497104
ppo,56,1230,1,butterfly,2,low,random,page_4KB,120,1024,4,0,True,10,2.574
ppo,56,1581,1,solid,3,high,rowhammer_like,page_4KB,60,4096,16,8,True,1,9.733046400000001
ppo,56,203,1,walking_1_0,5,medium,rowhammer_like,page_4KB,300,4096,8,4,True,1,9.445201920000002
ppo,56,1331,1,butterfly,4,high,rowhammer_like,page_4KB,300,0,16,8,True,1,23.431408000000005
ppo,56,1403,21,butterfly,6,high,rowhammer_like,page_4KB,300,0,16,8,True,1,23.431408000000005
ppo,57,836,1,random,7,low,rowhammer_like,page_4KB,30,256,4,0,True,1,1.6456000000000004
ppo,57,270,1,walking_1_0,7,medium,random,page_4KB,120,4096,8,4,True,10,4.8299328
ppo,57,1042,1,march,4,high,rowhammer_like,page_4KB,120,4096,16,8,True,1,13.325004
ppo,57,104,1,walking_1_0,2,high,rowhammer_like,page_4KB,30,4096,16,8,True,1,8.497104
ppo,57,1230,1,butterfly,2,low,random,page_4KB,120,1024,4,0,True,10,2.574
ppo,57,1581,1,solid,3,high,rowhammer_like,page_4KB,60,4096,16,8,True,1,9.733046400000001
ppo,57,203,1,walking_1_0,5,medium,rowhammer_like,page_4KB,300,4096,8,4,True,1,9.445201920000002
ppo,57,1331,1,butterfly,4,high,rowhammer_like,page_4KB,300,0,16,8,True,1,23.431408000000005
ppo,57,1403,20,butterfly,6,high,rowhammer_like,page_4KB,300,0,16,8,True,1,23.431408000000005
ppo,58,836,1,random,7,low,rowhammer_like,page_4KB,30,256,4,0,True,1,1.6456000000000004
ppo,58,270,1,walking_1_0,7,medium,random,page_4KB,120,4096,8,4,True,10,4.8299328
ppo,58,1042,1,march,4,high,rowhammer_like,page_4KB,120,4096,16,8,True,1,13.325004
ppo,58,104,1,walking_1_0,2,high,rowhammer_like,page_4KB,30,4096,16,8,True,1,8.497104
ppo,58,1230,1,butterfly,2,low,random,page_4KB,120,1024,4,0,True,10,2.574
ppo,58,1581,1,solid,3,high,rowhammer_like,page_4KB,60,4096,16,8,True,1,9.733046400000001
ppo,58,203,1,walking_1_0,5,medium,rowhammer_like,page_4KB,300,4096,8,4,True,1,9.445201920000002
ppo,58,1331,1,butterfly,4,high,rowhammer_like,page_4KB,300,0,16,8,True,1,23.431408000000005
ppo,58,1403,29,butterfly,6,high,rowhammer_like,page_4KB,300,0,16,8,True,1,23.431408000000005
ppo,59,836,1,random,7,low,rowhammer_like,page_4KB,30,256,4,0,True,1,1.6456000000000004
ppo,59,270,1,walking_1_0,7,medium,random,page_4KB,120,4096,8,4,True,10,4.8299328
ppo,59,1042,2,march,4,high,rowhammer_like,page_4KB,120,4096,16,8,True,1,13.325004
ppo,59,104,2,walking_1_0,2,high,rowhammer_like,page_4KB,30,4096,16,8,True,1,8.497104
ppo,59,1230,1,butterfly,2,low,random,page_4KB,120,1024,4,0,True,10,2.574
ppo,59,1581,1,solid,3,high,rowhammer_like,page_4KB,60,4096,16,8,True,1,9.733046400000001
ppo,59,203,2,walking_1_0,5,medium,rowhammer_like,page_4KB,300,4096,8,4,True,1,9.445201920000002
ppo,59,636,1,random,1,high,sequential,page_4KB,30,4096,16,8,True,-1,4.16955
ppo,59,1615,1,solid,4,high,random,page_4KB,300,0,16,8,True,10,12.903659999999999
ppo,59,1331,1,butterfly,4,high,rowhammer_like,page_4KB,300,0,16,8,True,1,23.431408000000005
ppo,59,1403,8,butterfly,6,high,rowhammer_like,page_4KB,300,0,16,8,True,1,23.431408000000005
ppo,60,836,1,random,7,low,rowhammer_like,page_4KB,30,256,4,0,True,1,1.6456000000000004
ppo,60,270,1,walking_1_0,7,medium,random,page_4KB,120,4096,8,4,True,10,4.8299328
ppo,60,1042,2,march,4,high,rowhammer_like,page_4KB,120,4096,16,8,True,1,13.325004
ppo,60,104,2,walking_1_0,2,high,rowhammer_like,page_4KB,30,4096,16,8,True,1,8.497104
ppo,60,1230,1,butterfly,2,low,random,page_4KB,120,1024,4,0,True,10,2.574
ppo,60,1581,1,solid,3,high,rowhammer_like,page_4KB,60,4096,16,8,True,1,9.733046400000001
ppo,60,203,1,walking_1_0,5,medium,rowhammer_like,page_4KB,300,4096,8,4,True,1,9.445201920000002
ppo,60,34,34,walking_1_0,0,high,rowhammer_like,page_4KB,120,4096,16,8,True,1,12.745656
ppo,61,836,1,random,7,low,rowhammer_like,page_4KB,30,256,4,0,True,1,1.6456000000000004
ppo,61,270,1,walking_1_0,7,medium,random,page_4KB,120,4096,8,4,True,10,4.8299328
ppo,61,1042,2,march,4,high,rowhammer_like,page_4KB,120,4096,16,8,True,1,13.325004
ppo,61,104,2,walking_1_0,2,high,rowhammer_like,page_4KB,30,4096,16,8,True,1,8.497104
ppo,61,1230,1,butterfly,2,low,random,page_4KB,120,1024,4,0,True,10,2.574
ppo,61,1581,1,solid,3,high,rowhammer_like,page_4KB,60,4096,16,8,True,1,9.733046400000001
ppo,61,203,2,walking_1_0,5,medium,rowhammer_like,page_4KB,300,4096,8,4,True,1,9.445201920000002
ppo,61,636,1,random,1,high,sequential,page_4KB,30,4096,16,8,True,-1,4.16955
ppo,61,1615,1,solid,4,high,random,page_4KB,300,0,16,8,True,10,12.903659999999999
ppo,61,1331,1,butterfly,4,high,rowhammer_like,page_4KB,300,0,16,8,True,1,23.431408000000005
ppo,61,1403,3,butterfly,6,high,rowhammer_like,page_4KB,300,0,16,8,True,1,23.431408000000005
ppo,62,836,1,random,7,low,rowhammer_like,page_4KB,30,256,4,0,True,1,1.6456000000000004
ppo,62,270,1,walking_1_0,7,medium,random,page_4KB,120,4096,8,4,True,10,4.8299328
ppo,62,1042,1,march,4,high,rowhammer_like,page_4KB,120,4096,16,8,True,1,13.325004
ppo,62,104,1,walking_1_0,2,high,rowhammer_like,page_4KB,30,4096,16,8,True,1,8.497104
ppo,62,636,1,random,1,high,sequential,page_4KB,30,4096,16,8,True,-1,4.16955
ppo,62,1615,1,solid,4,high,random,page_4KB,300,0,16,8,True,10,12.903659999999999
ppo,62,203,1,walking_1_0,5,medium,rowhammer_like,page_4KB,300,4096,8,4,True,1,9.445201920000002
ppo,62,1331,1,butterfly,4,high,rowhammer_like,page_4KB,300,0,16,8,True,1,23.431408000000005
ppo,62,1403,34,butterfly,6,high,rowhammer_like,page_4KB,300,0,16,8,True,1,23.431408000000005
ppo,63,836,1,random,7,low,rowhammer_like,page_4KB,30,256,4,0,True,1,1.6456000000000004
ppo,63,270,1,walking_1_0,7,medium,random,page_4KB,120,4096,8,4,True,10,4.8299328
ppo,63,1042,2,march,4,high,rowhammer_like,page_4KB,120,4096,16,8,True,1,13.325004
ppo,63,104,2,walking_1_0,2,high,rowhammer_like,page_4KB,30,4096,16,8,True,1,8.497104
ppo,63,1230,1,butterfly,2,low,random,page_4KB,120,1024,4,0,True,10,2.574
ppo,63,1581,1,solid,3,high,rowhammer_like,page_4KB,60,4096,16,8,True,1,9.733046400000001
ppo,63,203,2,walking_1_0,5,medium,rowhammer_like,page_4KB,300,4096,8,4,True,1,9.445201920000002
ppo,63,636,1,random,1,high,sequential,page_4KB,30,4096,16,8,True,-1,4.16955
ppo,63,1615,1,solid,4,high,random,page_4KB,300,0,16,8,True,10,12.903659999999999
ppo,63,1331,1,butterfly,4,high,rowhammer_like,page_4KB,300,0,16,8,True,1,23.431408000000005
ppo,63,1403,17,butterfly,6,high,rowhammer_like,page_4KB,300,0,16,8,True,1,23.431408000000005
ppo,64,836,1,random,7,low,rowhammer_like,page_4KB,30,256,4,0,True,1,1.6456000000000004
ppo,64,270,1,walking_1_0,7,medium,random,page_4KB,120,4096,8,4,True,10,4.8299328
ppo,64,1042,1,march,4,high,rowhammer_like,page_4KB,120,4096,16,8,True,1,13.325004
ppo,64,104,1,walking_1_0,2,high,rowhammer_like,page_4KB,30,4096,16,8,True,1,8.497104
ppo,64,636,1,random,1,high,sequential,page_4KB,30,4096,16,8,True,-1,4.16955
ppo,64,1615,1,solid,4,high,random,page_4KB,300,0,16,8,True,10,12.903659999999999
ppo,64,203,1,walking_1_0,5,medium,rowhammer_like,page_4KB,300,4096,8,4,True,1,9.445201920000002
ppo,64,1331,1,butterfly,4,high,rowhammer_like,page_4KB,300,0,16,8,True,1,23.431408000000005
ppo,64,1403,26,butterfly,6,high,rowhammer_like,page_4KB,300,0,16,8,True,1,23.431408000000005
ppo,65,836,1,random,7,low,rowhammer_like,page_4KB,30,256,4,0,True,1,1.6456000000000004
ppo,65,270,1,walking_1_0,7,medium,random,page_4KB,120,4096,8,4,True,10,4.8299328
ppo,65,1042,2,march,4,high,rowhammer_like,page_4KB,120,4096,16,8,True,1,13.325004
ppo,65,104,2,walking_1_0,2,high,rowhammer_like,page_4KB,30,4096,16,8,True,1,8.497104
ppo,65,1230,1,butterfly,2,low,random,page_4KB,120,1024,4,0,True,10,2.574
ppo,65,1581,1,solid,3,high,rowhammer_like,page_4KB,60,4096,16,8,True,1,9.733046400000001
ppo,65,203,2,walking_1_0,5,medium,rowhammer_like,page_4KB,300,4096,8,4,True,1,9.445201920000002
ppo,65,636,1,random,1,high,sequential,page_4KB,30,4096,16,8,True,-1,4.16955
ppo,65,1615,1,solid,4,high,random,page_4KB,300,0,16,8,True,10,12.903659999999999
ppo,65,1331,1,butterfly,4,high,rowhammer_like,page_4KB,300,0,16,8,True,1,23.431408000000005
ppo,65,1403,20,butterfly,6,high,rowhammer_like,page_4KB,300,0,16,8,True,1,23.431408000000005
ppo,66,836,1,random,7,low,rowhammer_like,page_4KB,30,256,4,0,True,1,1.6456000000000004
ppo,66,270,1,walking_1_0,7,medium,random,page_4KB,120,4096,8,4,True,10,4.8299328
ppo,66,1042,2,march,4,high,rowhammer_like,page_4KB,120,4096,16,8,True,1,13.325004
ppo,66,104,2,walking_1_0,2,high,rowhammer_like,page_4KB,30,4096,16,8,True,1,8.497104
ppo,66,1230,1,butterfly,2,low,random,page_4KB,120,1024,4,0,True,10,2.574
ppo,66,1581,1,solid,3,high,rowhammer_like,page_4KB,60,4096,16,8,True,1,9.733046400000001
ppo,66,203,2,walking_1_0,5,medium,rowhammer_like,page_4KB,300,4096,8,4,True,1,9.445201920000002
ppo,66,636,1,random,1,high,sequential,page_4KB,30,4096,16,8,True,-1,4.16955
ppo,66,1615,1,solid,4,high,random,page_4KB,300,0,16,8,True,10,12.903659999999999
ppo,66,1331,1,butterfly,4,high,rowhammer_like,page_4KB,300,0,16,8,True,1,23.431408000000005
ppo,66,1403,31,butterfly,6,high,rowhammer_like,page_4KB,300,0,16,8,True,1,23.431408000000005
ppo,67,836,1,random,7,low,rowhammer_like,page_4KB,30,256,4,0,True,1,1.6456000000000004
ppo,67,270,1,walking_1_0,7,medium,random,page_4KB,120,4096,8,4,True,10,4.8299328
ppo,67,1042,1,march,4,high,rowhammer_like,page_4KB,120,4096,16,8,True,1,13.325004
ppo,67,104,1,walking_1_0,2,high,rowhammer_like,page_4KB,30,4096,16,8,True,1,8.497104
ppo,67,1230,1,butterfly,2,low,random,page_4KB,120,1024,4,0,True,10,2.574
ppo,67,1581,1,solid,3,high,rowhammer_like,page_4KB,60,4096,16,8,True,1,9.733046400000001
ppo,67,203,1,walking_1_0,5,medium,rowhammer_like,page_4KB,300,4096,8,4,True,1,9.445201920000002
ppo,67,1331,1,butterfly,4,high,rowhammer_like,page_4KB,300,0,16,8,True,1,23.431408000000005
ppo,67,1403,26,butterfly,6,high,rowhammer_like,page_4KB,300,0,16,8,True,1,23.431408000000005
ppo,68,836,1,random,7,low,rowhammer_like,page_4KB,30,256,4,0,True,1,1.6456000000000004
ppo,68,270,1,walking_1_0,7,medium,random,page_4KB,120,4096,8,4,True,10,4.8299328
ppo,68,1042,2,march,4,high,rowhammer_like,page_4KB,120,4096,16,8,True,1,13.325004
ppo,68,104,2,walking_1_0,2,high,rowhammer_like,page_4KB,30,4096,16,8,True,1,8.497104
ppo,68,1230,1,butterfly,2,low,random,page_4KB,120,1024,4,0,True,10,2.574
ppo,68,1581,1,solid,3,high,rowhammer_like,page_4KB,60,4096,16,8,True,1,9.733046400000001
ppo,68,203,2,walking_1_0,5,medium,rowhammer_like,page_4KB,300,4096,8,4,True,1,9.445201920000002
ppo,68,636,1,random,1,high,sequential,page_4KB,30,4096,16,8,True,-1,4.16955
ppo,68,1615,1,solid,4,high,random,page_4KB,300,0,16,8,True,10,12.903659999999999
ppo,68,1331,1,butterfly,4,high,rowhammer_like,page_4KB,300,0,16,8,True,1,23.431408000000005
ppo,68,1403,13,butterfly,6,high,rowhammer_like,page_4KB,300,0,16,8,True,1,23.431408000000005
ppo,69,836,1,random,7,low,rowhammer_like,page_4KB,30,256,4,0,True,1,1.6456000000000004
ppo,69,270,1,walking_1_0,7,medium,random,page_4KB,120,4096,8,4,True,10,4.8299328
ppo,69,1042,2,march,4,high,rowhammer_like,page_4KB,120,4096,16,8,True,1,13.325004
ppo,69,104,1,walking_1_0,2,high,rowhammer_like,page_4KB,30,4096,16,8,True,1,8.497104
ppo,69,1230,1,butterfly,2,low,random,page_4KB,120,1024,4,0,True,10,2.574
ppo,69,1581,1,solid,3,high,rowhammer_like,page_4KB,60,4096,16,8,True,1,9.733046400000001
ppo,69,203,1,walking_1_0,5,medium,rowhammer_like,page_4KB,300,4096,8,4,True,1,9.445201920000002
ppo,70,836,1,random,7,low,rowhammer_like,page_4KB,30,256,4,0,True,1,1.6456000000000004
ppo,70,270,1,walking_1_0,7,medium,random,page_4KB,120,4096,8,4,True,10,4.8299328
ppo,70,1042,2,march,4,high,rowhammer_like,page_4KB,120,4096,16,8,True,1,13.325004
ppo,70,104,2,walking_1_0,2,high,rowhammer_like,page_4KB,30,4096,16,8,True,1,8.497104
ppo,70,1230,1,butterfly,2,low,random,page_4KB,120,1024,4,0,True,10,2.574
ppo,70,1581,1,solid,3,high,rowhammer_like,page_4KB,60,4096,16,8,True,1,9.733046400000001
ppo,70,203,2,walking_1_0,5,medium,rowhammer_like,page_4KB,300,4096,8,4,True,1,9.445201920000002
ppo,70,636,1,random,1,high,sequential,page_4KB,30,4096,16,8,True,-1,4.16955
ppo,70,1615,1,solid,4,high,random,page_4KB,300,0,16,8,True,10,12.903659999999999
ppo,71,836,1,random,7,low,rowhammer_like,page_4KB,30,256,4,0,True,1,1.6456000000000004
ppo,71,270,1,walking_1_0,7,medium,random,page_4KB,120,4096,8,4,True,10,4.8299328
ppo,71,1042,1,march,4,high,rowhammer_like,page_4KB,120,4096,16,8,True,1,13.325004
ppo,71,104,1,walking_1_0,2,high,rowhammer_like,page_4KB,30,4096,16,8,True,1,8.497104
ppo,71,1230,1,butterfly,2,low,random,page_4KB,120,1024,4,0,True,10,2.574
ppo,71,1581,1,solid,3,high,rowhammer_like,page_4KB,60,4096,16,8,True,1,9.733046400000001
ppo,71,203,1,walking_1_0,5,medium,rowhammer_like,page_4KB,300,4096,8,4,True,1,9.445201920000002
ppo,72,836,1,random,7,low,rowhammer_like,page_4KB,30,256,4,0,True,1,1.6456000000000004
ppo,72,270,1,walking_1_0,7,medium,random,page_4KB,120,4096,8,4,True,10,4.8299328
ppo,72,1042,1,march,4,high,rowhammer_like,page_4KB,120,4096,16,8,True,1,13.325004
ppo,72,104,1,walking_1_0,2,high,rowhammer_like,page_4KB,30,4096,16,8,True,1,8.497104
ppo,72,1230,1,butterfly,2,low,random,page_4KB,120,1024,4,0,True,10,2.574
ppo,72,1581,1,solid,3,high,rowhammer_like,page_4KB,60,4096,16,8,True,1,9.733046400000001
ppo,72,203,1,walking_1_0,5,medium,rowhammer_like,page_4KB,300,4096,8,4,True,1,9.445201920000002
ppo,72,1331,1,butterfly,4,high,rowhammer_like,page_4KB,300,0,16,8,True,1,23.431408000000005
ppo,72,1403,10,butterfly,6,high,rowhammer_like,page_4KB,300,0,16,8,True,1,23.431408000000005
ppo,73,836,1,random,7,low,rowhammer_like,page_4KB,30,256,4,0,True,1,1.6456000000000004
ppo,73,270,1,walking_1_0,7,medium,random,page_4KB,120,4096,8,4,True,10,4.8299328
ppo,73,1042,1,march,4,high,rowhammer_like,page_4KB,120,4096,16,8,True,1,13.325004
ppo,73,104,1,walking_1_0,2,high,rowhammer_like,page_4KB,30,4096,16,8,True,1,8.497104
ppo,73,636,1,random,1,high,sequential,page_4KB,30,4096,16,8,True,-1,4.16955
ppo,73,1615,1,solid,4,high,random,page_4KB,300,0,16,8,True,10,12.903659999999999
ppo,73,203,1,walking_1_0,5,medium,rowhammer_like,page_4KB,300,4096,8,4,True,1,9.445201920000002
ppo,73,1331,1,butterfly,4,high,rowhammer_like,page_4KB,300,0,16,8,True,1,23.431408000000005
ppo,73,1403,1,butterfly,6,high,rowhammer_like,page_4KB,300,0,16,8,True,1,23.431408000000005
ppo,74,836,1,random,7,low,rowhammer_like,page_4KB,30,256,4,0,True,1,1.6456000000000004
ppo,74,270,1,walking_1_0,7,medium,random,page_4KB,120,4096,8,4,True,10,4.8299328
ppo,74,1042,1,march,4,high,rowhammer_like,page_4KB,120,4096,16,8,True,1,13.325004
ppo,74,104,1,walking_1_0,2,high,rowhammer_like,page_4KB,30,4096,16,8,True,1,8.497104
ppo,74,636,1,random,1,high,sequential,page_4KB,30,4096,16,8,True,-1,4.16955
ppo,74,1615,1,solid,4,high,random,page_4KB,300,0,16,8,True,10,12.903659999999999
ppo,74,203,1,walking_1_0,5,medium,rowhammer_like,page_4KB,300,4096,8,4,True,1,9.445201920000002
ppo,74,1331,1,butterfly,4,high,rowhammer_like,page_4KB,300,0,16,8,True,1,23.431408000000005
ppo,74,1403,7,butterfly,6,high,rowhammer_like,page_4KB,300,0,16,8,True,1,23.431408000000005
ppo,75,836,1,random,7,low,rowhammer_like,page_4KB,30,256,4,0,True,1,1.6456000000000004
ppo,75,270,1,walking_1_0,7,medium,random,page_4KB,120,4096,8,4,True,10,4.8299328
ppo,75,1042,1,march,4,high,rowhammer_like,page_4KB,120,4096,16,8,True,1,13.325004
ppo,75,104,1,walking_1_0,2,high,rowhammer_like,page_4KB,30,4096,16,8,True,1,8.497104
ppo,75,636,1,random,1,high,sequential,page_4KB,30,4096,16,8,True,-1,4.16955
ppo,75,1615,1,solid,4,high,random,page_4KB,300,0,16,8,True,10,12.903659999999999
ppo,75,203,1,walking_1_0,5,medium,rowhammer_like,page_4KB,300,4096,8,4,True,1,9.445201920000002
ppo,75,1331,1,butterfly,4,high,rowhammer_like,page_4KB,300,0,16,8,True,1,23.431408000000005
ppo,75,1403,11,butterfly,6,high,rowhammer_like,page_4KB,300,0,16,8,True,1,23.431408000000005
ppo,76,836,1,random,7,low,rowhammer_like,page_4KB,30,256,4,0,True,1,1.6456000000000004
ppo,76,270,1,walking_1_0,7,medium,random,page_4KB,120,4096,8,4,True,10,4.8299328
ppo,76,1042,1,march,4,high,rowhammer_like,page_4KB,120,4096,16,8,True,1,13.325004
ppo,76,104,1,walking_1_0,2,high,rowhammer_like,page_4KB,30,4096,16,8,True,1,8.497104
ppo,76,636,1,random,1,high,sequential,page_4KB,30,4096,16,8,True,-1,4.16955
ppo,76,1615,1,solid,4,high,random,page_4KB,300,0,16,8,True,10,12.903659999999999
ppo,76,203,1,walking_1_0,5,medium,rowhammer_like,page_4KB,300,4096,8,4,True,1,9.445201920000002
ppo,76,1331,1,butterfly,4,high,rowhammer_like,page_4KB,300,0,16,8,True,1,23.431408000000005
ppo,76,1403,25,butterfly,6,high,rowhammer_like,page_4KB,300,0,16,8,True,1,23.431408000000005
ppo,77,836,1,random,7,low,rowhammer_like,page_4KB,30,256,4,0,True,1,1.6456000000000004
ppo,77,270,1,walking_1_0,7,medium,random,page_4KB,120,4096,8,4,True,10,4.8299328
ppo,77,1042,1,march,4,high,rowhammer_like,page_4KB,120,4096,16,8,True,1,13.325004
ppo,77,104,1,walking_1_0,2,high,rowhammer_like,page_4KB,30,4096,16,8,True,1,8.497104
ppo,77,1230,1,butterfly,2,low,random,page_4KB,120,1024,4,0,True,10,2.574
ppo,77,1581,1,solid,3,high,rowhammer_like,page_4KB,60,4096,16,8,True,1,9.733046400000001
ppo,77,203,1,walking_1_0,5,medium,rowhammer_like,page_4KB,300,4096,8,4,True,1,9.445201920000002
ppo,77,1331,1,butterfly,4,high,rowhammer_like,page_4KB,300,0,16,8,True,1,23.431408000000005
ppo,77,1403,5,butterfly,6,high,rowhammer_like,page_4KB,300,0,16,8,True,1,23.431408000000005
ppo,78,836,1,random,7,low,rowhammer_like,page_4KB,30,256,4,0,True,1,1.6456000000000004
ppo,78,270,1,walking_1_0,7,medium,random,page_4KB,120,4096,8,4,True,10,4.8299328
ppo,78,1042,1,march,4,high,rowhammer_like,page_4KB,120,4096,16,8,True,1,13.325004
ppo,78,104,1,walking_1_0,2,high,rowhammer_like,page_4KB,30,4096,16,8,True,1,8.497104
ppo,78,636,1,random,1,high,sequential,page_4KB,30,4096,16,8,True,-1,4.16955
ppo,78,1615,1,solid,4,high,random,page_4KB,300,0,16,8,True,10,12.903659999999999
ppo,78,203,1,walking_1_0,5,medium,rowhammer_like,page_4KB,300,4096,8,4,True,1,9.445201920000002
ppo,78,1331,1,butterfly,4,high,rowhammer_like,page_4KB,300,0,16,8,True,1,23.431408000000005
ppo,78,1403,26,butterfly,6,high,rowhammer_like,page_4KB,300,0,16,8,True,1,23.431408000000005
ppo,79,836,1,random,7,low,rowhammer_like,page_4KB,30,256,4,0,True,1,1.6456000000000004
ppo,79,270,1,walking_1_0,7,medium,random,page_4KB,120,4096,8,4,True,10,4.8299328
ppo,79,1042,1,march,4,high,rowhammer_like,page_4KB,120,4096,16,8,True,1,13.325004
ppo,79,104,1,walking_1_0,2,high,rowhammer_like,page_4KB,30,4096,16,8,True,1,8.497104
ppo,79,636,1,random,1,high,sequential,page_4KB,30,4096,16,8,True,-1,4.16955
ppo,79,1615,1,solid,4,high,random,page_4KB,300,0,16,8,True,10,12.903659999999999
ppo,79,203,1,walking_1_0,5,medium,rowhammer_like,page_4KB,300,4096,8,4,True,1,9.445201920000002
ppo,79,1331,1,butterfly,4,high,rowhammer_like,page_4KB,300,0,16,8,True,1,23.431408000000005
ppo,79,1403,3,butterfly,6,high,rowhammer_like,page_4KB,300,0,16,8,True,1,23.431408000000005
ppo,80,836,1,random,7,low,rowhammer_like,page_4KB,30,256,4,0,True,1,1.6456000000000004
ppo,80,270,1,walking_1_0,7,medium,random,page_4KB,120,4096,8,4,True,10,4.8299328
ppo,80,1042,1,march,4,high,rowhammer_like,page_4KB,120,4096,16,8,True,1,13.325004
ppo,80,104,1,walking_1_0,2,high,rowhammer_like,page_4KB,30,4096,16,8,True,1,8.497104
ppo,80,1230,1,butterfly,2,low,random,page_4KB,120,1024,4,0,True,10,2.574
ppo,80,1581,1,solid,3,high,rowhammer_like,page_4KB,60,4096,16,8,True,1,9.733046400000001
ppo,80,203,1,walking_1_0,5,medium,rowhammer_like,page_4KB,300,4096,8,4,True,1,9.445201920000002
ppo,80,1331,1,butterfly,4,high,rowhammer_like,page_4KB,300,0,16,8,True,1,23.431408000000005
ppo,80,1403,9,butterfly,6,high,rowhammer_like,page_4KB,300,0,16,8,True,1,23.431408000000005
ppo,81,836,1,random,7,low,rowhammer_like,page_4KB,30,256,4,0,True,1,1.6456000000000004
ppo,81,270,1,walking_1_0,7,medium,random,page_4KB,120,4096,8,4,True,10,4.8299328
ppo,81,1042,1,march,4,high,rowhammer_like,page_4KB,120,4096,16,8,True,1,13.325004
ppo,81,104,1,walking_1_0,2,high,rowhammer_like,page_4KB,30,4096,16,8,True,1,8.497104
ppo,81,636,1,random,1,high,sequential,page_4KB,30,4096,16,8,True,-1,4.16955
ppo,81,1615,1,solid,4,high,random,page_4KB,300,0,16,8,True,10,12.903659999999999
ppo,81,203,1,walking_1_0,5,medium,rowhammer_like,page_4KB,300,4096,8,4,True,1,9.445201920000002
ppo,81,1331,1,butterfly,4,high,rowhammer_like,page_4KB,300,0,16,8,True,1,23.431408000000005
ppo,81,1403,24,butterfly,6,high,rowhammer_like,page_4KB,300,0,16,8,True,1,23.431408000000005
ppo,82,836,1,random,7,low,rowhammer_like,page_4KB,30,256,4,0,True,1,1.6456000000000004
ppo,82,270,1,walking_1_0,7,medium,random,page_4KB,120,4096,8,4,True,10,4.8299328
ppo,82,1042,2,march,4,high,rowhammer_like,page_4KB,120,4096,16,8,True,1,13.325004
ppo,82,104,2,walking_1_0,2,high,rowhammer_like,page_4KB,30,4096,16,8,True,1,8.497104
ppo,82,1230,1,butterfly,2,low,random,page_4KB,120,1024,4,0,True,10,2.574
ppo,82,1581,1,solid,3,high,rowhammer_like,page_4KB,60,4096,16,8,True,1,9.733046400000001
ppo,82,203,2,walking_1_0,5,medium,rowhammer_like,page_4KB,300,4096,8,4,True,1,9.445201920000002
ppo,82,636,1,random,1,high,sequential,page_4KB,30,4096,16,8,True,-1,4.16955
ppo,82,1615,1,solid,4,high,random,page_4KB,300,0,16,8,True,10,12.903659999999999
ppo,82,1331,1,butterfly,4,high,rowhammer_like,page_4KB,300,0,16,8,True,1,23.431408000000005
ppo,82,1403,5,butterfly,6,high,rowhammer_like,page_4KB,300,0,16,8,True,1,23.431408000000005
ppo,83,836,1,random,7,low,rowhammer_like,page_4KB,30,256,4,0,True,1,1.6456000000000004
ppo,83,270,1,walking_1_0,7,medium,random,page_4KB,120,4096,8,4,True,10,4.8299328
ppo,83,1042,2,march,4,high,rowhammer_like,page_4KB,120,4096,16,8,True,1,13.325004
ppo,83,104,2,walking_1_0,2,high,rowhammer_like,page_4KB,30,4096,16,8,True,1,8.497104
ppo,83,1230,1,butterfly,2,low,random,page_4KB,120,1024,4,0,True,10,2.574
ppo,83,1581,1,solid,3,high,rowhammer_like,page_4KB,60,4096,16,8,True,1,9.733046400000001
ppo,83,203,2,walking_1_0,5,medium,rowhammer_like,page_4KB,300,4096,8,4,True,1,9.445201920000002
ppo,83,636,1,random,1,high,sequential,page_4KB,30,4096,16,8,True,-1,4.16955
ppo,83,1615,1,solid,4,high,random,page_4KB,300,0,16,8,True,10,12.903659999999999
ppo,83,1331,1,butterfly,4,high,rowhammer_like,page_4KB,300,0,16,8,True,1,23.431408000000005
ppo,83,1403,7,butterfly,6,high,rowhammer_like,page_4KB,300,0,16,8,True,1,23.431408000000005
ppo,84,836,1,random,7,low,rowhammer_like,page_4KB,30,256,4,0,True,1,1.6456000000000004
ppo,84,270,1,walking_1_0,7,medium,random,page_4KB,120,4096,8,4,True,10,4.8299328
ppo,84,1042,1,march,4,high,rowhammer_like,page_4KB,120,4096,16,8,True,1,13.325004
ppo,84,104,1,walking_1_0,2,high,rowhammer_like,page_4KB,30,4096,16,8,True,1,8.497104
ppo,84,1230,1,butterfly,2,low,random,page_4KB,120,1024,4,0,True,10,2.574
ppo,84,1581,1,solid,3,high,rowhammer_like,page_4KB,60,4096,16,8,True,1,9.733046400000001
ppo,84,203,1,walking_1_0,5,medium,rowhammer_like,page_4KB,300,4096,8,4,True,1,9.445201920000002
ppo,84,1331,1,butterfly,4,high,rowhammer_like,page_4KB,300,0,16,8,True,1,23.431408000000005
ppo,84,1403,17,butterfly,6,high,rowhammer_like,page_4KB,300,0,16,8,True,1,23.431408000000005
ppo,85,836,1,random,7,low,rowhammer_like,page_4KB,30,256,4,0,True,1,1.6456000000000004
ppo,85,270,1,walking_1_0,7,medium,random,page_4KB,120,4096,8,4,True,10,4.8299328
ppo,85,1042,1,march,4,high,rowhammer_like,page_4KB,120,4096,16,8,True,1,13.325004
ppo,85,104,1,walking_1_0,2,high,rowhammer_like,page_4KB,30,4096,16,8,True,1,8.497104
ppo,85,636,1,random,1,high,sequential,page_4KB,30,4096,16,8,True,-1,4.16955
ppo,85,1615,1,solid,4,high,random,page_4KB,300,0,16,8,True,10,12.903659999999999
ppo,85,203,1,walking_1_0,5,medium,rowhammer_like,page_4KB,300,4096,8,4,True,1,9.445201920000002
ppo,85,1331,1,butterfly,4,high,rowhammer_like,page_4KB,300,0,16,8,True,1,23.431408000000005
ppo,85,1403,16,butterfly,6,high,rowhammer_like,page_4KB,300,0,16,8,True,1,23.431408000000005
ppo,86,836,1,random,7,low,rowhammer_like,page_4KB,30,256,4,0,True,1,1.6456000000000004
ppo,86,270,1,walking_1_0,7,medium,random,page_4KB,120,4096,8,4,True,10,4.8299328
ppo,86,1042,1,march,4,high,rowhammer_like,page_4KB,120,4096,16,8,True,1,13.325004
ppo,86,104,1,walking_1_0,2,high,rowhammer_like,page_4KB,30,4096,16,8,True,1,8.497104
ppo,86,636,1,random,1,high,sequential,page_4KB,30,4096,16,8,True,-1,4.16955
ppo,86,1615,1,solid,4,high,random,page_4KB,300,0,16,8,True,10,12.903659999999999
ppo,86,203,1,walking_1_0,5,medium,rowhammer_like,page_4KB,300,4096,8,4,True,1,9.445201920000002
ppo,86,1331,1,butterfly,4,high,rowhammer_like,page_4KB,300,0,16,8,True,1,23.431408000000005
ppo,86,1403,25,butterfly,6,high,rowhammer_like,page_4KB,300,0,16,8,True,1,23.431408000000005
ppo,87,836,1,random,7,low,rowhammer_like,page_4KB,30,256,4,0,True,1,1.6456000000000004
ppo,87,270,1,walking_1_0,7,medium,random,page_4KB,120,4096,8,4,True,10,4.8299328
ppo,87,1042,1,march,4,high,rowhammer_like,page_4KB,120,4096,16,8,True,1,13.325004
ppo,87,104,1,walking_1_0,2,high,rowhammer_like,page_4KB,30,4096,16,8,True,1,8.497104
ppo,87,1230,1,butterfly,2,low,random,page_4KB,120,1024,4,0,True,10,2.574
ppo,87,1581,1,solid,3,high,rowhammer_like,page_4KB,60,4096,16,8,True,1,9.733046400000001
ppo,87,203,1,walking_1_0,5,medium,rowhammer_like,page_4KB,300,4096,8,4,True,1,9.445201920000002
ppo,87,1331,1,butterfly,4,high,rowhammer_like,page_4KB,300,0,16,8,True,1,23.431408000000005
ppo,87,1403,28,butterfly,6,high,rowhammer_like,page_4KB,300,0,16,8,True,1,23.431408000000005
ppo,88,836,1,random,7,low,rowhammer_like,page_4KB,30,256,4,0,True,1,1.6456000000000004
ppo,88,270,1,walking_1_0,7,medium,random,page_4KB,120,4096,8,4,True,10,4.8299328
ppo,88,1042,1,march,4,high,rowhammer_like,page_4KB,120,4096,16,8,True,1,13.325004
ppo,88,104,1,walking_1_0,2,high,rowhammer_like,page_4KB,30,4096,16,8,True,1,8.497104
ppo,88,636,1,random,1,high,sequential,page_4KB,30,4096,16,8,True,-1,4.16955
ppo,88,1615,1,solid,4,high,random,page_4KB,300,0,16,8,True,10,12.903659999999999
ppo,88,203,1,walking_1_0,5,medium,rowhammer_like,page_4KB,300,4096,8,4,True,1,9.445201920000002
ppo,88,1331,1,butterfly,4,high,rowhammer_like,page_4KB,300,0,16,8,True,1,23.431408000000005
ppo,88,1403,11,butterfly,6,high,rowhammer_like,page_4KB,300,0,16,8,True,1,23.431408000000005
ppo,89,836,1,random,7,low,rowhammer_like,page_4KB,30,256,4,0,True,1,1.6456000000000004
ppo,89,270,1,walking_1_0,7,medium,random,page_4KB,120,4096,8,4,True,10,4.8299328
ppo,89,1042,2,march,4,high,rowhammer_like,page_4KB,120,4096,16,8,True,1,13.325004
ppo,89,104,2,walking_1_0,2,high,rowhammer_like,page_4KB,30,4096,16,8,True,1,8.497104
ppo,89,1230,1,butterfly,2,low,random,page_4KB,120,1024,4,0,True,10,2.574
ppo,89,1581,1,solid,3,high,rowhammer_like,page_4KB,60,4096,16,8,True,1,9.733046400000001
ppo,89,203,1,walking_1_0,5,medium,rowhammer_like,page_4KB,300,4096,8,4,True,1,9.445201920000002
ppo,89,34,31,walking_1_0,0,high,rowhammer_like,page_4KB,120,4096,16,8,True,1,12.745656
ppo,90,836,1,random,7,low,rowhammer_like,page_4KB,30,256,4,0,True,1,1.6456000000000004
ppo,90,270,1,walking_1_0,7,medium,random,page_4KB,120,4096,8,4,True,10,4.8299328
ppo,90,1042,1,march,4,high,rowhammer_like,page_4KB,120,4096,16,8,True,1,13.325004
ppo,90,104,1,walking_1_0,2,high,rowhammer_like,page_4KB,30,4096,16,8,True,1,8.497104
ppo,90,1230,1,butterfly,2,low,random,page_4KB,120,1024,4,0,True,10,2.574
ppo,90,1581,1,solid,3,high,rowhammer_like,page_4KB,60,4096,16,8,True,1,9.733046400000001
ppo,90,203,1,walking_1_0,5,medium,rowhammer_like,page_4KB,300,4096,8,4,True,1,9.445201920000002
ppo,90,1331,1,butterfly,4,high,rowhammer_like,page_4KB,300,0,16,8,True,1,23.431408000000005
ppo,90,1403,12,butterfly,6,high,rowhammer_like,page_4KB,300,0,16,8,True,1,23.431408000000005
ppo,91,836,1,random,7,low,rowhammer_like,page_4KB,30,256,4,0,True,1,1.6456000000000004
ppo,91,270,1,walking_1_0,7,medium,random,page_4KB,120,4096,8,4,True,10,4.8299328
ppo,91,1042,2,march,4,high,rowhammer_like,page_4KB,120,4096,16,8,True,1,13.325004
ppo,91,104,2,walking_1_0,2,high,rowhammer_like,page_4KB,30,4096,16,8,True,1,8.497104
ppo,91,1230,1,butterfly,2,low,random,page_4KB,120,1024,4,0,True,10,2.574
ppo,91,1581,1,solid,3,high,rowhammer_like,page_4KB,60,4096,16,8,True,1,9.733046400000001
ppo,91,203,2,walking_1_0,5,medium,rowhammer_like,page_4KB,300,4096,8,4,True,1,9.445201920000002
ppo,91,636,1,random,1,high,sequential,page_4KB,30,4096,16,8,True,-1,4.16955
ppo,91,1615,1,solid,4,high,random,page_4KB,300,0,16,8,True,10,12.903659999999999
ppo,91,1331,1,butterfly,4,high,rowhammer_like,page_4KB,300,0,16,8,True,1,23.431408000000005
ppo,91,1403,11,butterfly,6,high,rowhammer_like,page_4KB,300,0,16,8,True,1,23.431408000000005
ppo,92,836,1,random,7,low,rowhammer_like,page_4KB,30,256,4,0,True,1,1.6456000000000004
ppo,92,270,1,walking_1_0,7,medium,random,page_4KB,120,4096,8,4,True,10,4.8299328
ppo,92,1042,1,march,4,high,rowhammer_like,page_4KB,120,4096,16,8,True,1,13.325004
ppo,92,104,1,walking_1_0,2,high,rowhammer_like,page_4KB,30,4096,16,8,True,1,8.497104
ppo,92,636,1,random,1,high,sequential,page_4KB,30,4096,16,8,True,-1,4.16955
ppo,92,1615,1,solid,4,high,random,page_4KB,300,0,16,8,True,10,12.903659999999999
ppo,92,203,1,walking_1_0,5,medium,rowhammer_like,page_4KB,300,4096,8,4,True,1,9.445201920000002
ppo,92,1331,1,butterfly,4,high,rowhammer_like,page_4KB,300,0,16,8,True,1,23.431408000000005
ppo,92,1403,12,butterfly,6,high,rowhammer_like,page_4KB,300,0,16,8,True,1,23.431408000000005
ppo,93,836,1,random,7,low,rowhammer_like,page_4KB,30,256,4,0,True,1,1.6456000000000004
ppo,93,270,1,walking_1_0,7,medium,random,page_4KB,120,4096,8,4,True,10,4.8299328
ppo,93,1042,2,march,4,high,rowhammer_like,page_4KB,120,4096,16,8,True,1,13.325004
ppo,93,104,2,walking_1_0,2,high,rowhammer_like,page_4KB,30,4096,16,8,True,1,8.497104
ppo,93,1230,1,butterfly,2,low,random,page_4KB,120,1024,4,0,True,10,2.574
ppo,93,1581,1,solid,3,high,rowhammer_like,page_4KB,60,4096,16,8,True,1,9.733046400000001
ppo,93,203,2,walking_1_0,5,medium,rowhammer_like,page_4KB,300,4096,8,4,True,1,9.445201920000002
ppo,93,636,1,random,1,high,sequential,page_4KB,30,4096,16,8,True,-1,4.16955
ppo,93,1615,1,solid,4,high,random,page_4KB,300,0,16,8,True,10,12.903659999999999
ppo,93,1331,1,butterfly,4,high,rowhammer_like,page_4KB,300,0,16,8,True,1,23.431408000000005
ppo,93,1403,21,butterfly,6,high,rowhammer_like,page_4KB,300,0,16,8,True,1,23.431408000000005
ppo,94,836,1,random,7,low,rowhammer_like,page_4KB,30,256,4,0,True,1,1.6456000000000004
ppo,94,270,1,walking_1_0,7,medium,random,page_4KB,120,4096,8,4,True,10,4.8299328
ppo,94,1042,2,march,4,high,rowhammer_like,page_4KB,120,4096,16,8,True,1,13.325004
ppo,94,104,2,walking_1_0,2,high,rowhammer_like,page_4KB,30,4096,16,8,True,1,8.497104
ppo,94,1230,1,butterfly,2,low,random,page_4KB,120,1024,4,0,True,10,2.574
ppo,94,1581,1,solid,3,high,rowhammer_like,page_4KB,60,4096,16,8,True,1,9.733046400000001
ppo,94,203,2,walking_1_0,5,medium,rowhammer_like,page_4KB,300,4096,8,4,True,1,9.445201920000002
ppo,94,636,1,random,1,high,sequential,page_4KB,30,4096,16,8,True,-1,4.16955
ppo,94,1615,1,solid,4,high,random,page_4KB,300,0,16,8,True,10,12.903659999999999
ppo,94,1331,1,butterfly,4,high,rowhammer_like,page_4KB,300,0,16,8,True,1,23.431408000000005
ppo,95,836,1,random,7,low,rowhammer_like,page_4KB,30,256,4,0,True,1,1.6456000000000004
ppo,95,270,1,walking_1_0,7,medium,random,page_4KB,120,4096,8,4,True,10,4.8299328
ppo,95,1042,1,march,4,high,rowhammer_like,page_4KB,120,4096,16,8,True,1,13.325004
ppo,95,104,1,walking_1_0,2,high,rowhammer_like,page_4KB,30,4096,16,8,True,1,8.497104
ppo,95,636,1,random,1,high,sequential,page_4KB,30,4096,16,8,True,-1,4.16955
ppo,95,1615,1,solid,4,high,random,page_4KB,300,0,16,8,True,10,12.903659999999999
ppo,95,203,1,walking_1_0,5,medium,rowhammer_like,page_4KB,300,4096,8,4,True,1,9.445201920000002
ppo,95,1331,1,butterfly,4,high,rowhammer_like,page_4KB,300,0,16,8,True,1,23.431408000000005
ppo,95,1403,14,butterfly,6,high,rowhammer_like,page_4KB,300,0,16,8,True,1,23.431408000000005
ppo,96,836,1,random,7,low,rowhammer_like,page_4KB,30,256,4,0,True,1,1.6456000000000004
ppo,96,270,1,walking_1_0,7,medium,random,page_4KB,120,4096,8,4,True,10,4.8299328
ppo,96,1042,2,march,4,high,rowhammer_like,page_4KB,120,4096,16,8,True,1,13.325004
ppo,96,104,2,walking_1_0,2,high,rowhammer_like,page_4KB,30,4096,16,8,True,1,8.497104
ppo,96,1230,1,butterfly,2,low,random,page_4KB,120,1024,4,0,True,10,2.574
ppo,96,1581,1,solid,3,high,rowhammer_like,page_4KB,60,4096,16,8,True,1,9.733046400000001
ppo,96,203,2,walking_1_0,5,medium,rowhammer_like,page_4KB,300,4096,8,4,True,1,9.445201920000002
ppo,96,636,1,random,1,high,sequential,page_4KB,30,4096,16,8,True,-1,4.16955
ppo,96,1615,1,solid,4,high,random,page_4KB,300,0,16,8,True,10,12.903659999999999
ppo,96,1331,1,butterfly,4,high,rowhammer_like,page_4KB,300,0,16,8,True,1,23.431408000000005
ppo,96,1403,17,butterfly,6,high,rowhammer_like,page_4KB,300,0,16,8,True,1,23.431408000000005
ppo,97,836,1,random,7,low,rowhammer_like,page_4KB,30,256,4,0,True,1,1.6456000000000004
ppo,97,270,1,walking_1_0,7,medium,random,page_4KB,120,4096,8,4,True,10,4.8299328
ppo,97,1042,1,march,4,high,rowhammer_like,page_4KB,120,4096,16,8,True,1,13.325004
ppo,97,104,1,walking_1_0,2,high,rowhammer_like,page_4KB,30,4096,16,8,True,1,8.497104
ppo,97,636,1,random,1,high,sequential,page_4KB,30,4096,16,8,True,-1,4.16955
ppo,97,1615,1,solid,4,high,random,page_4KB,300,0,16,8,True,10,12.903659999999999
ppo,97,203,1,walking_1_0,5,medium,rowhammer_like,page_4KB,300,4096,8,4,True,1,9.445201920000002
ppo,97,1331,1,butterfly,4,high,rowhammer_like,page_4KB,300,0,16,8,True,1,23.431408000000005
ppo,97,1403,5,butterfly,6,high,rowhammer_like,page_4KB,300,0,16,8,True,1,23.431408000000005
ppo,98,836,1,random,7,low,rowhammer_like,page_4KB,30,256,4,0,True,1,1.6456000000000004
ppo,98,270,1,walking_1_0,7,medium,random,page_4KB,120,4096,8,4,True,10,4.8299328
ppo,98,1042,2,march,4,high,rowhammer_like,page_4KB,120,4096,16,8,True,1,13.325004
ppo,98,104,1,walking_1_0,2,high,rowhammer_like,page_4KB,30,4096,16,8,True,1,8.497104
ppo,98,1230,1,butterfly,2,low,random,page_4KB,120,1024,4,0,True,10,2.574
ppo,98,1581,1,solid,3,high,rowhammer_like,page_4KB,60,4096,16,8,True,1,9.733046400000001
ppo,98,203,1,walking_1_0,5,medium,rowhammer_like,page_4KB,300,4096,8,4,True,1,9.445201920000002
ppo,99,836,1,random,7,low,rowhammer_like,page_4KB,30,256,4,0,True,1,1.6456000000000004
ppo,99,270,1,walking_1_0,7,medium,random,page_4KB,120,4096,8,4,True,10,4.8299328
ppo,99,1042,2,march,4,high,rowhammer_like,page_4KB,120,4096,16,8,True,1,13.325004
ppo,99,104,2,walking_1_0,2,high,rowhammer_like,page_4KB,30,4096,16,8,True,1,8.497104
ppo,99,1230,1,butterfly,2,low,random,page_4KB,120,1024,4,0,True,10,2.574
ppo,99,1581,1,solid,3,high,rowhammer_like,page_4KB,60,4096,16,8,True,1,9.733046400000001
ppo,99,203,2,walking_1_0,5,medium,rowhammer_like,page_4KB,300,4096,8,4,True,1,9.445201920000002
ppo,99,636,1,random,1,high,sequential,page_4KB,30,4096,16,8,True,-1,4.16955
ppo,99,1615,1,solid,4,high,random,page_4KB,300,0,16,8,True,10,12.903659999999999
ppo,99,1331,1,butterfly,4,high,rowhammer_like,page_4KB,300,0,16,8,True,1,23.431408000000005
ppo,99,1403,23,butterfly,6,high,rowhammer_like,page_4KB,300,0,16,8,True,1,23.431408000000005
